data,callsign,departure,arrivee,TTOT,TLDT,ATOT,ALDT,Type,Wingspan,Airline,QFU,Parking,registration,changing times,remote numbers,delay,start_taxi_time
20190806,CCA1388,ZGGG,ZBTJ,-17400,-5700,-8940,180,B738,35.8,AirChina,16R,202,B7890,,,,60
220190807,NEWCCA1388,Default,ZBTJ,-17340,-5640,-8880,240,B738,35.8,AirChina,16R,201,NEWB7890,,,60.0,120
20190806,CCA8132,ZGSD,ZBTJ,-16500,-5700,-8640,1140,B738,35.8,AirChina,16R,202,B5849,,,,1020
20190807,CYZ9101,ZBTJ,ZSNJ,1500,7800,6600,11340,B733,28.3,ChinaPost,16R,876,B2962,,,,1020
220190807,NEWCCA8132,Default,ZBTJ,-16440,-5640,-8580,1200,B738,35.8,AirChina,16R,201,NEWB5849,,,60.0,1080
20190806,CXA8144,ZSQZ,ZBTJ,-20400,-10500,-6780,1380,B738,35.8,XiamenAirlines,16R,227,B7559,,,,1260
220190807,NEWCXA8144,Default,ZBTJ,-20340,-10440,-6720,1440,B738,35.8,XiamenAirlines,16R,225,NEWB7559,,,60.0,1320
20190806,CXA8552,ZSSS,ZBTJ,-13800,-5400,-4380,1560,B738,35.8,XiamenAirlines,16R,226,B5306,,,,1440
20190806,GCR7840,ZWWW,ZBTJ,-18000,-4500,-10800,1740,A320,34.1,TianjinAirlines,16R,211,B6865,,,,1620
220190807,NEWGCR7840,Default,ZBTJ,-17940,-4440,-10740,1800,A320,34.1,TianjinAirlines,16R,213,NEWB6865,,,60.0,1680
20190807,CCA8126,ZGHZ,ZBTJ,-14700,1000,-7740,2100,B737,35.8,AirChina,16R,202,B5211,,,,1980
20190806,CSH9069,ZSPD,ZBTJ,-5100,-83100,-3660,2400,B738,35.8,ShanghaiAirlines,16R,219,B2577,,,,2280
220190807,NEWCSH9069,Default,ZBTJ,-5040,-83040,-3600,2460,B738,35.8,ShanghaiAirlines,16R,218,NEWB2577,,,60.0,2340
20190807,CTJ3805,ZBTJ,ZGGG,3300,12900,8640,18120,B734,28.9,TianjinAirCargo,16R,876,B2576,,,,2820
20190806,CXA8240,ZLXY,ZBTJ,-6900,-600,-1380,3600,B738,35.8,XiamenAirlines,16R,225,B5528,,,,3480
220190807,NEWCXA8240,Default,ZBTJ,-6840,-540,-1320,3660,B738,35.8,XiamenAirlines,16R,226,NEWB5528,,,60.0,3540
20190806,CCA8356,ZSWZ,ZBTJ,-11100,-2400,-3240,3780,B737,35.8,AirChina,16R,202,B5229,,,,3660
20190806,CCA1402,ZPPP,ZBTJ,-13200,-1500,-6180,4140,B738,35.8,AirChina,16R,201,B5621,,,,4020
220190807,NEWCCA1402,Default,ZBTJ,-13140,-1440,-6120,4200,B738,35.8,AirChina,16R,203,NEWB5621,,,60.0,4080
20190806,OKA2932,ZGHA,ZBTJ,-13500,-4200,-2700,4320,B739,34.3,OkayAirways,16R,224,B1963,,,,4200
20190806,HXA2842,ZBOW,ZBTJ,-3600,-84300,-1200,4500,CRJ9,23.2,Chinaexpressair,16R,601,B601Z,,,,4380
220190807,NEWHXA2842,Default,ZBTJ,-3540,-84240,-1140,4560,CRJ9,23.2,Chinaexpressair,16R,602,NEWB601Z,,,60.0,4440
20190806,GCR7854,ZSHC,ZBTJ,-11100,-3300,-1500,4680,E190,28.72,TianjinAirlines,16R,213,B3247,,,,4560
220190807,NEWGCR7854,Default,ZBTJ,-11040,-3240,-1440,4740,E190,28.72,TianjinAirlines,16R,211,NEWB3247,,,60.0,4620
20190806,CSC8356,ZGOW,ZBTJ,-12000,-2700,-4140,4800,A321,34.1,SichuanAirlines,16R,111,B6810,,,,4680
220190807,NEWCSC8356,Default,ZBTJ,-11940,-2640,-4080,4860,A321,34.1,SichuanAirlines,16R,113,NEWB6810,,,60.0,4740
20190806,OKA2966,ZLXN,ZBTJ,-5400,-84000,-2340,4980,B738,35.8,OkayAirways,16R,223,B1732,,,,4860
220190807,NEWOKA2966,Default,ZBTJ,-5340,-83940,-2280,5040,B738,35.8,OkayAirways,16R,222,NEWB1732,,,60.0,4920
20190806,CBG8853,ZGCD,ZBTJ,-12300,-3600,-2280,5220,E190,28.72,SPRAY,16R,110,B3166,,,,5100
220190807,NEWCBG8853,Default,ZBTJ,-12240,-3540,-2220,5280,E190,28.72,SPRAY,16R,112,NEWB3166,,,60.0,5160
20190806,CES5753,ZPBS,ZBTJ,-10800,-84600,-6180,5340,B737,35.8,ChinaEasternAirlines,16R,219,B6142,,,,5220
20190807,CTJ3811,ZBTJ,ZSCN,5700,13200,17880,24720,B734,28.9,TianjinAirCargo,16R,876,B2501,,,,5220
20190806,GCR7926,ZUCK,ZBTJ,-11100,-2100,-1800,5520,A20N,35.8,TianjinAirlines,16R,209,B302C,,,,5400
20190806,GCR7920,ZYHB,ZBTJ,-12000,-3900,-1140,5760,E190,28.72,TianjinAirlines,16R,211,B3119,,,,5640
220190807,NEWGCR7920,Default,ZBTJ,-11940,-3840,-1080,5820,E190,28.72,TianjinAirlines,16R,210,NEWB3119,,,60.0,5700
20190806,GCR7902,ZLXY,ZBTJ,-3600,-83100,240,5880,E190,28.72,TianjinAirlines,16R,214,B3265,,,,5760
20190806,GCR7846,ZSSH,ZBTJ,-3300,-84600,1980,6240,A320,34.1,TianjinAirlines,16R,206,B300T,,,,6120
220190807,NEWGCR7846,Default,ZBTJ,-3240,-84540,2040,6300,A320,34.1,TianjinAirlines,16R,213,NEWB300T,,,60.0,6180
20190806,CXA8380,ZGSZ,ZBTJ,-12300,-1200,-3600,6360,B738,35.8,XiamenAirlines,16R,225,B6482,,,,6240
20190806,CCA1670,ZGHA,ZBTJ,-12600,-3900,-360,6840,B738,35.8,AirChina,16R,201,B5696,,,,6720
220190807,NEWCCA1670,Default,ZBTJ,-12540,-3840,-300,6900,B738,35.8,AirChina,16R,202,NEWB5696,,,60.0,6780
20190806,GCR7872,ZJSY,ZBTJ,-15300,-1800,-5340,7440,A321,34.1,TianjinAirlines,16R,209,B302A,,,,7320
20190806,CCA1468,ZPPP,ZBTJ,-21300,-9300,-2160,7920,B738,35.8,AirChina,16R,201,B5447,,,,7800
20190806,GCR7866,ZJHK,ZBTJ,-14400,-2400,-3660,8160,A320,34.1,TianjinAirlines,16R,213,B8062,,,,8040
220190807,NEWGCR7866,Default,ZBTJ,-14340,-2340,-3600,8220,A320,34.1,TianjinAirlines,16R,211,NEWB8062,,,60.0,8100
20190806,HXA2848,ZYSQ,ZBTJ,-6300,-86100,2640,8280,CRJ9,23.2,Chinaexpressair,16R,601,B3382,,,,8160
220190807,NEWHXA2848,Default,ZBTJ,-6240,-86040,2700,8340,CRJ9,23.2,Chinaexpressair,16R,602,NEWB3382,,,60.0,8220
20190806,CXA8193,ZGHA,ZBTJ,-6900,-85500,2100,8820,B738,35.8,XiamenAirlines,16R,225,B1300,,,,8700
20190807,CTJ3809,ZBTJ,ZLXY,10200,17400,10560,16080,B733,28.3,TianjinAirCargo,16R,876,B2945,,,,9720
20190806,CXA8476,ZUGY,ZBTJ,-9000,-85200,3900,12840,B738,35.8,XiamenAirlines,16R,226,B5488,,,,12720
220190807,NEWCXA8476,Default,ZBTJ,-8940,-85140,3960,12900,B738,35.8,XiamenAirlines,16R,225,NEWB5488,,,60.0,12780
20190807,GCR7990,RJTT,ZBTJ,1800,15600,3120,13260,A333,60.3,TianjinAirlines,16R,418,B8959,,,,13140
20190806,GCR7892,ZSAM,ZBTJ,-3600,-80400,5340,13320,A20N,35.8,TianjinAirlines,16R,213,B3345,,,,13200
220190807,NEWGCR7990,Default,ZBTJ,1920,15720,3240,13380,A333,60.3,TianjinAirlines,16R,212,NEWB8959,,,120.0,13260
20190807,LHA4015,ZSNT,ZBTJ,8700,15000,10020,15780,B733,28.3,LonghaoAirlines,16R,907,B1110,,,,15660
220190807,NEWLHA4015,Default,ZBTJ,8760,15060,10080,15840,B733,28.3,LonghaoAirlines,16R,906,NEWB1110,,,60.0,15720
220190807,NEWLHA4016,ZBTJ,Default,18000,24600,19740,24840,B733,28.3,LonghaoAirlines,16R,906,NEWB1110,,,0.0,17520
20190807,LHA4016,ZBTJ,ZSNT,18000,24600,19680,24840,B733,28.3,LonghaoAirlines,16R,907,B1110,,,,17520
20190806,GCR7888,ZUUU,ZBTJ,-5700,-83400,10320,18180,A332,60.3,TianjinAirlines,16R,212,B302D,,,,18060
220190807,NEWGCR7888,Default,ZBTJ,-5610,-83310,10410,18270,A332,60.3,TianjinAirlines,16R,418,NEWB302D,,,90.0,18150
20190806,GCR7886,ZGSZ,ZBTJ,-5700,-81600,9840,19920,A332,60.3,TianjinAirlines,16R,212,B6903,,,,19800
220190807,NEWGCR7886,Default,ZBTJ,-5610,-81510,9930,20010,A332,60.3,TianjinAirlines,16R,418,NEWB6903,,,90.0,19890
20190806,GCR7928,ZUCK,ZBTJ,-6900,-84300,12540,20340,A320,34.1,TianjinAirlines,16R,209,B1030,,,,20220
220190807,NEWGCR7928,Default,ZBTJ,-6840,-84240,12600,20400,A320,34.1,TianjinAirlines,16R,213,NEWB1030,,,60.0,20280
20190807,CSS6971,ZSHC,ZBTJ,6600,14400,15480,21120,B752,38.05,SHUNFENG,16R,897,B7082,,,,21000
20190806,GCR7862,ZPPP,ZBTJ,-5400,-80400,10320,21240,A320,34.1,TianjinAirlines,16R,211,B8659,,,,21120
20190807,CSC8357,ZBTJ,ZJHK,22800,35100,22680,33900,A321,34.1,SichuanAirlines,16R,112,B6810,,,,22320
220190807,NEWCSC8357,ZBTJ,Default,22800,35100,22680,33900,A321,34.1,SichuanAirlines,16R,110,NEWB6810,,,0.0,22320
20190807,CSC8349,ZBTJ,ZGNN,24000,36300,24000,33900,A321,34.1,SichuanAirlines,16R,110,B6839,,,,23520
20190807,HXA2841,ZBTJ,ZBOW,24300,31200,24300,28800,CRJ9,23.2,Chinaexpressair,16R,601,B601Z,,,,23820
220190807,NEWHXA2841,ZBTJ,Default,24300,31200,24300,28800,CRJ9,23.2,Chinaexpressair,16R,602,NEWB601Z,,,0.0,23820
20190807,CXA8355,ZBTJ,ZSFZ,24300,33900,24540,33240,B738,35.8,XiamenAirlines,16R,226,B7559,,,,23820
220190807,NEWCXA8355,ZBTJ,Default,24300,33900,24540,33240,B738,35.8,XiamenAirlines,16R,225,NEWB7559,,,0.0,23820
20190807,OKA3085,ZBTJ,ZSNB,24600,32400,27120,33900,B738,35.8,OkayAirways,16R,223,B1962,,,,24120
20190807,OKA2751,ZBTJ,ZSHC,24600,31800,25380,31020,B738,35.8,OkayAirways,16R,223,B5575,,,,24120
20190807,CUA2217,ZBTJ,ZSSS,24600,31800,26040,31860,B738,35.8,LIANHANG,16R,110,B1471,,,,24120
20190807,CXA8126,ZBTJ,ZSAM,24900,34200,27900,36120,B738,35.8,XiamenAirlines,16R,229,B1300,,,,24420
20190807,CCA1245,ZBTJ,ZLLL,24900,34200,25560,33120,B738,35.8,AirChina,16R,107,B1526,,,,24420
20190807,HXA4338,ZBTJ,ZUZY,24900,36000,34620,43020,A320,34.1,Chinaexpressair,16R,602,B303P,,,,24420
220190807,NEWHXA4338,ZBTJ,Default,24900,36000,34620,43020,A320,34.1,Chinaexpressair,16R,601,NEWB303P,,,0.0,24420
20190807,JOY1595,ZBTJ,ZSYT,24900,30600,25140,29040,MA60,29.2,Joyair,16R,501,B3453,,,,24420
20190807,CCA8133,ZBTJ,ZSWY,25200,32700,28500,36300,B737,35.8,AirChina,16R,109,B5213,,,,24720
20190807,HXA2911,ZBTJ,ZBZL,25800,33000,26700,33300,A320,34.1,Chinaexpressair,16R,601,B307T,,,,25320
20190807,HXA2923,ZBTJ,ZYBA,25800,33000,25800,31620,CRJ9,23.2,Chinaexpressair,16R,602,B3382,,,,25320
220190807,NEWHXA2923,ZBTJ,Default,25800,33000,25800,31620,CRJ9,23.2,Chinaexpressair,16R,603,NEWB3382,,,0.0,25320
20190807,CTJ3810,ZLXY,ZBTJ,21000,27600,20280,25740,B733,28.3,TianjinAirCargo,16R,897,B2945,,,,25620
20190807,GCR7839,ZBTJ,ZWWW,26100,41400,26400,39840,A320,34.1,TianjinAirlines,16R,209,B6865,,,,25620
220190807,NEWGCR7839,ZBTJ,Default,26100,41400,26400,39840,A320,34.1,TianjinAirlines,16R,211,NEWB6865,,,0.0,25620
20190807,CCA1529,ZBTJ,ZSAM,26100,35700,29700,38880,B738,35.8,AirChina,16R,107,B1418,,,,25620
20190807,GCR7929,ZBTJ,ZLXY,26400,33900,27960,33900,E190,28.72,TianjinAirlines,16R,211,B6903,,,,25920
220190807,NEWGCR7929,ZBTJ,Default,26400,33900,27960,33900,E190,28.72,TianjinAirlines,16R,209,NEWB6903,,,0.0,25920
20190807,CRK363,ZBTJ,VHHH,26700,37800,27600,38520,A332,60.3,HongKongAirlines,16R,101,BLHB,,,,26220
220190807,NEWCXA8221,ZBTJ,Default,26700,33600,27240,32940,B738,35.8,XiamenAirlines,16R,226,NEWB5528,,,0.0,26220
20190807,CYZ9102,ZSNJ,ZBTJ,22200,28500,21420,26340,B734,28.9,ChinaPost,16R,906,B2962,,,,26220
20190807,CXA8331,ZBTJ,ZHHH,26700,34500,27420,33600,B738,35.8,XiamenAirlines,16R,230,B6818,,,,26220
20190807,CXA8221,ZBTJ,ZLIC,26700,33600,27240,32940,B738,35.8,XiamenAirlines,16R,225,B5528,,,,26220
20190807,TGW138,WSSS,ZBTJ,5400,27000,6720,26580,B789,60.0,SCOOTER,16R,105,9VOJB,,,,26460
20190807,GCR7819,ZBTJ,ZGHA,27000,36300,26940,34140,A20N,35.8,TianjinAirlines,16R,210,B302C,,,,26520
20190807,CXA8365,ZBTJ,ZGSZ,27000,38700,28200,38160,B738,35.8,XiamenAirlines,16R,227,B5306,,,,26520
220190807,NEWCCA1427,ZBTJ,Default,27000,38400,27780,36660,B738,35.8,AirChina,16R,203,NEWB7890,,,0.0,26520
20190807,CCA1427,ZBTJ,ZUUU,27000,38400,27780,36660,B738,35.8,AirChina,16R,117,B7890,,,,26520
20190807,CCA8363,ZBTJ,ZUMT,27300,39600,28380,37440,B738,35.8,AirChina,16R,107,B5211,,,,26820
20190807,GCR7863,ZBTJ,ZHHH,27300,34200,28980,35100,A20N,35.8,TianjinAirlines,16R,210,B8597,,,,26820
220190807,NEWCXA8183,ZBTJ,Default,27600,33600,28800,33600,B737,35.8,XiamenAirlines,16R,225,NEWB5488,,,0.0,27120
20190807,CXA8183,ZBTJ,ZBYC,27600,33600,28800,33600,B737,35.8,XiamenAirlines,16R,226,B5488,,,,27120
20190807,CCA1317,ZBTJ,ZGGG,27600,39000,28620,38400,B737,35.8,AirChina,16R,108,B5585,,,,27120
20190807,FZA6587,ZLXY,ZBTJ,21900,28200,22200,27420,B738,35.8,STRAITAIR,16R,213,B7105,,,,27300
220190807,NEWFZA6587,Default,ZBTJ,21960,28260,22260,27480,B738,35.8,STRAITAIR,16R,214,NEWB7105,,,60.0,27360
20190807,OKA2999,ZBTJ,ZGSZ,27900,40200,29400,39780,B739,34.3,OkayAirways,16R,222,B1739,,,,27420
220190807,NEWGCR7815,ZBTJ,Default,27900,31800,29100,32700,E190,28.72,TianjinAirlines,16R,205,NEWB3119,,,0.0,27420
20190807,GCR7815,ZBTJ,ZSQD,27900,31800,29100,32700,E190,28.72,TianjinAirlines,16R,208,B3119,,,,27420
20190807,CSH9070,ZBTJ,ZSPD,28020,35100,28320,34800,B737,35.8,ShanghaiAirlines,16R,219,B2577,,,,27540
220190807,NEWCSH9070,ZBTJ,Default,28020,35100,28320,34800,B737,35.8,ShanghaiAirlines,16R,218,NEWB2577,,,0.0,27540
20190807,CCA1371,ZBTJ,ZGSZ,28200,39300,32940,43440,B737,35.8,AirChina,16R,108,B5793,,,,27720
20190807,CCA9697,ZBTJ,ZLXN,28500,37500,29220,37140,B738,35.8,AirChina,16R,203,B7893,,,,28020
20190807,GCR7881,ZBTJ,ZSPD,28500,36600,29940,36360,A320,34.1,TianjinAirlines,16R,211,B8381,,,,28020
20190807,CBG8963,ZBTJ,ZHLY,28500,35100,29520,34140,E190,28.72,SPRAY,16R,110,B3166,,,,28020
220190807,NEWCBG8963,ZBTJ,Default,28500,35100,29520,34140,E190,28.72,SPRAY,16R,111,NEWB3166,,,0.0,28020
20190807,CSN316Y,ZBTJ,ZBAA,28800,32100,36360,33840,B789,60.0,ChinaSouthernAirlines,16R,220,B1243,,,,28320
20190807,OKA2819,ZBTJ,ZGKL,28800,39600,29820,38820,B738,35.8,OkayAirways,16R,223,B1267,,,,28320
20190807,CCA1533,ZBTJ,ZSSS,28800,35700,34320,40140,B737,35.8,AirChina,16R,108,B5681,,,,28320
20190806,HXA4324,ZYQQ,ZBTJ,-7500,-85800,22200,28680,CRJ9,23.2,Chinaexpressair,16R,601,B303P,,,,28560
20190807,GCR7981,ZBTJ,RJGG,29100,39600,30300,0,A320,34.1,TianjinAirlines,16R,209,B1052,,,,28620
20190807,GCR7993,ZBTJ,RKSI,29100,34200,31800,0,A320,34.1,TianjinAirlines,16R,209,B1850,,,,28620
220190807,NEWHXA4324,Default,ZBTJ,-7440,-85740,22260,28740,CRJ9,23.2,Chinaexpressair,16R,602,NEWB303P,,,60.0,28620
220190807,NEWOKA2997,ZBTJ,Default,29100,35700,37020,42960,B738,35.8,OkayAirways,16R,224,NEWB1732,,,0.0,28620
20190807,OKA2997,ZBTJ,ZSJH,29100,35700,37020,42960,B738,35.8,OkayAirways,16R,222,B1732,,,,28620
20190807,GCR7583,ZLXY,ZBTJ,23100,29400,23820,28800,A320,34.1,TianjinAirlines,16R,213,B8075,,,,28680
20190807,GCR7899,ZBTJ,ZLXY,29400,36600,30420,36660,A320,34.1,TianjinAirlines,16R,208,B3189,,,,28920
20190807,CXA8313,ZBTJ,ZGGG,29400,40800,32100,41700,B738,35.8,XiamenAirlines,16R,225,B6482,,,,28920
20190807,JOY1601,ZBTJ,ZBSJ,29400,33300,30120,33120,MA60,29.2,Joyair,16R,501,B3723,,,,28920
20190807,CCA1663,ZBTJ,ZSWH,29700,34800,32760,36900,B738,35.8,AirChina,16R,107,B1762,,,,29220
20190807,GCR7915,ZBTJ,ZBCF,29700,34800,30720,35700,E190,28.72,TianjinAirlines,16R,210,B3167,,,,29220
220190807,NEWCCA1679,ZBTJ,Default,29700,39600,30000,38580,B738,35.8,AirChina,16R,108,NEWB5696,,,0.0,29220
20190807,CCA1679,ZBTJ,ZUCK,29700,39600,30000,38580,B738,35.8,AirChina,16R,109,B5696,,,,29220
20190807,CDG4717,ZSQD,ZBTJ,25500,30000,26520,29400,B738,35.8,shandongAirlines,16R,201,B1511,,,,29280
220190807,NEWGCR7977,ZBTJ,Default,30000,39900,31380,0,A333,60.3,TianjinAirlines,16R,414,NEWB302D,,,0.0,29520
20190807,CCA103,ZBTJ,VHHH,30000,42600,33540,44220,B738,35.8,AirChina,16R,109,B6499,,,,29520
20190807,GCR7977,ZBTJ,RJBB,30000,39900,31380,0,A333,60.3,TianjinAirlines,16R,415,B302D,,,,29520
220190807,NEWGCR7971,ZBTJ,Default,30000,43200,32280,0,A320,34.1,TianjinAirlines,16R,208,NEWB8062,,,0.0,29520
20190807,GCR7971,ZBTJ,RJCC,30000,43200,32280,0,A320,34.1,TianjinAirlines,16R,210,B8062,,,,29520
20190807,TBA9877,ZUUU,ZBTJ,21600,31200,21720,29700,A320,34.1,TIBET,16R,113,B8842,,,,29580
220190807,NEWTBA9877,Default,ZBTJ,21660,31260,21780,29760,A320,34.1,TIBET,16R,111,NEWB8842,,,60.0,29640
20190807,GCR7703,ZBTJ,ZGKL,30300,40500,34860,44100,E190,28.72,TianjinAirlines,16R,208,B3212,,,,29820
20190807,GCR7855,ZBTJ,ZPPP,30300,43200,30960,41400,A332,60.3,TianjinAirlines,16R,212,B8659,,,,29820
20190807,GCR7879,ZBTJ,ZLQY,30300,36600,31560,37140,E190,28.72,TianjinAirlines,16R,211,B3265,,,,29820
20190807,CCA171,ZBTJ,RKSI,30600,38700,34500,0,B738,35.8,AirChina,16R,107,B5495,,,,30120
20190807,CES5754,ZBTJ,ZPBS,30600,43800,34080,46440,B737,35.8,ChinaEasternAirlines,16R,218,B6142,,,,30120
220190807,NEWCCA1619,ZBTJ,Default,30600,43200,38280,49440,B738,35.8,AirChina,16R,107,NEWB5621,,,0.0,30120
20190807,CCA1619,ZBTJ,ZGSD,30600,43200,38280,49440,B738,35.8,AirChina,16R,109,B5621,,,,30120
20190807,CCA750,VTBS,ZBTJ,11100,27900,15000,30420,B738,35.8,AirChina,16R,202,B5442,,,,30300
220190807,NEWCCA750,Default,ZBTJ,11160,27960,15060,30480,B738,35.8,AirChina,16R,201,NEWB5442,,,60.0,30360
20190807,QDA6015,ZYCC,ZBTJ,25200,32100,25020,30540,A320,34.1,SKYLEGEND,16R,110,B303V,,,,30420
220190807,NEWQDA6015,Default,ZBTJ,25260,32160,25080,30600,A320,34.1,SKYLEGEND,16R,112,NEWB303V,,,60.0,30480
20190807,CSN6894,ZBTJ,ZWWW,31500,46200,31440,45000,B738,35.8,ChinaSouthernAirlines,16R,218,B7970,,,,31020
20190807,OKA2883,ZLXY,ZBTJ,25200,32100,25920,31140,B739,34.3,OkayAirways,16R,222,B1581,,,,31020
20190807,GCR7803,ZBTJ,ZYTL,31500,35100,33420,36300,A320,34.1,TianjinAirlines,16R,211,B300T,,,,31020
220190807,NEWGCR7803,ZBTJ,Default,31500,35100,33420,36300,A320,34.1,TianjinAirlines,16R,209,NEWB300T,,,0.0,31020
20190807,CTJ3806,ZGGG,ZBTJ,16500,27300,22020,31260,B734,28.9,TianjinAirCargo,16R,897,B2576,,,,31140
20190807,CSN6579,ZYTL,ZBTJ,26700,30600,28440,31260,A320,34.1,ChinaSouthernAirlines,16R,220,B6896,,,,31140
220190807,NEWCSN6579,Default,ZBTJ,26760,30660,28500,31320,A320,34.1,ChinaSouthernAirlines,16R,221,NEWB6896,,,60.0,31200
20190807,GCR7825,ZBTJ,ZYTL,31800,36000,37140,40560,E190,28.72,TianjinAirlines,16R,210,B3345,,,,31320
20190807,CDG2261,ZYHB,ZBTJ,24900,32400,24780,31560,B738,35.8,shandongAirlines,16R,201,B7085,,,,31440
220190807,NEWCDG2261,Default,ZBTJ,24960,32460,24840,31620,B738,35.8,shandongAirlines,16R,202,NEWB7085,,,60.0,31500
20190807,CSC8815,ZSHC,ZBTJ,25200,32700,26100,31860,A320,34.1,SichuanAirlines,16R,111,B8961,,,,31740
220190807,NEWCSC8815,Default,ZBTJ,25260,32760,26160,31920,A320,34.1,SichuanAirlines,16R,112,NEWB8961,,,60.0,31800
20190807,GCR7843,ZBTJ,ZHCC,32400,38100,37380,41940,E190,28.72,TianjinAirlines,16R,205,B3171,,,,31920
20190807,CCA1633,ZBTJ,ZHSY,32400,40200,38100,44520,B738,35.8,AirChina,16R,108,B7595,,,,31920
220190807,NEWFZA6602,ZBTJ,Default,32400,40200,35280,41400,B738,35.8,STRAITAIR,16R,210,NEWB7105,,,0.0,31920
20190807,FZA6602,ZBTJ,ZSZS,32400,40200,35280,41400,B738,35.8,STRAITAIR,16R,211,B7105,,,,31920
20190807,CCA151,ZBTJ,ZYTL,32700,36600,36120,38700,B738,35.8,AirChina,16R,107,B5447,,,,32220
20190807,GCR7965,ZBTJ,ZUCK,33000,42900,36660,44760,A332,60.3,TianjinAirlines,16R,415,B8959,,,,32520
20190807,CSC8675,ZBTJ,ZSSH,33000,38400,33060,37080,A321,34.1,SichuanAirlines,16R,110,B9937,,,,32520
20190807,CCA1417,ZBTJ,ZUGY,33000,44700,35580,46620,B738,35.8,AirChina,16R,108,B5849,,,,32520
220190807,NEWCCA1417,ZBTJ,Default,33000,44700,35580,46620,B738,35.8,AirChina,16R,109,NEWB5849,,,0.0,32520
220190807,NEWGCR7965,ZBTJ,Default,33000,42900,36660,44760,A332,60.3,TianjinAirlines,16R,414,NEWB8959,,,0.0,32520
20190807,GCR7817,ZBTJ,ZSFY,33300,39600,37920,43080,A20N,35.8,TianjinAirlines,16R,211,B302A,,,,32820
20190807,CDG4717,ZBTJ,ZBHH,33600,39000,33780,37560,B738,35.8,shandongAirlines,16R,203,B1511,,,,33120
20190807,OKA2787,ZGGG,ZBTJ,24900,36600,24600,33540,B739,34.3,OkayAirways,16R,223,B1521,,,,33420
20190807,GCR7897,ZBTJ,ZUCK,33900,43200,38460,46380,A20N,35.8,TianjinAirlines,16R,210,B8776,,,,33420
220190807,NEWOKA2787,Default,ZBTJ,24960,36660,24660,33600,B739,34.3,OkayAirways,16R,224,NEWB1521,,,60.0,33480
20190807,GCR7889,ZBTJ,ZSAM,34140,43500,39600,48300,E190,28.72,TianjinAirlines,16R,205,B1030,,,,33660
220190807,NEWGCR7889,ZBTJ,Default,34140,43500,39600,48300,E190,28.72,TianjinAirlines,16R,211,NEWB1030,,,0.0,33660
20190807,CSN6579,ZBTJ,ZUCK,34200,44100,37740,45540,A320,34.1,ChinaSouthernAirlines,16R,220,B6896,,,,33720
20190807,CHH7497,ZYTL,ZBTJ,30600,34500,31020,33840,B738,35.8,HainanAirlines,16R,214,B1795,,,,33720
220190807,NEWCSN6579,ZBTJ,Default,34200,44100,37740,45540,A320,34.1,ChinaSouthernAirlines,16R,217,NEWB6896,,,0.0,33720
220190807,NEWCHH7497,Default,ZBTJ,30660,34560,31080,33900,B738,35.8,HainanAirlines,16R,213,NEWB1795,,,60.0,33780
20190807,CSN6653,ZYCC,ZBTJ,27900,35100,28560,34020,A320,34.1,ChinaSouthernAirlines,16R,222,B6583,,,,33900
220190807,NEWCSN6653,Default,ZBTJ,27960,35160,28620,34080,A320,34.1,ChinaSouthernAirlines,16R,221,NEWB6583,,,60.0,33960
20190807,GCR7583,ZBTJ,ZYHB,34500,41700,35160,41040,A320,34.1,TianjinAirlines,16R,209,B8075,,,,34020
20190807,CSC8567,ZYHB,ZBTJ,27300,34800,27780,34320,A321,34.1,SichuanAirlines,16R,112,B6920,,,,34200
20190807,OKA2897,ZBTJ,ZPPP,34800,48000,36000,46860,B738,35.8,OkayAirways,16R,223,B7373,,,,34320
20190807,TGW139,ZBTJ,WSSS,34800,57000,41520,0,B789,60.0,SCOOTER,16R,101,9VOJB,,,,34320
20190807,AAR327,RKSI,ZBTJ,28500,35700,30000,34500,A321,34.1,AsianaAirways,16R,103,HL8267,,,,34380
220190807,NEWAAR327,Default,ZBTJ,28560,35760,30060,34560,A321,34.1,AsianaAirways,16R,104,NEWHL8267,,,60.0,34440
20190807,CBJ5739,ZPLJ,ZBTJ,23700,35100,23880,34860,A320,34.1,BeijingCapitalAirlines,16R,213,B6178,,,,34740
20190807,JYH1055,ZGGG,ZBTJ,24600,35100,25800,35040,B738,35.8,TRANSJADE,16R,110,B1715,,,,34920
20190807,TBA9877,ZBTJ,ZYCC,35400,42000,35880,41160,A320,34.1,TIBET,16R,113,B8842,,,,34920
220190807,NEWTBA9877,ZBTJ,Default,35400,42000,35880,41160,A320,34.1,TIBET,16R,114,NEWB8842,,,0.0,34920
20190807,CXA8125,ZSAM,ZBTJ,25800,36300,26460,35160,B738,35.8,XiamenAirlines,16R,225,B7179,,,,35040
220190807,NEWCXA8125,Default,ZBTJ,25860,36360,26520,35220,B738,35.8,XiamenAirlines,16R,226,NEWB7179,,,60.0,35100
20190807,CJX8961,ZSCN,ZBTJ,27600,35400,28140,35340,B738,35.8,AIRCRANE,16R,112,B1557,,,,35220
20190807,GCR7906,ZUCK,ZBTJ,26700,36000,27720,35460,A332,60.3,TianjinAirlines,16R,418,B8596,,,,35340
220190807,NEWGCR7906,Default,ZBTJ,26790,36090,27810,35550,A332,60.3,TianjinAirlines,16R,212,NEWB8596,,,90.0,35430
220190807,NEWGCR7869,ZBTJ,Default,36000,39300,36840,39000,E190,28.72,TianjinAirlines,16R,208,NEWB3247,,,0.0,35520
20190807,CCA4187,ZUUU,ZBTJ,26700,35700,27180,35640,A321,34.1,AirChina,16R,117,B6386,,,,35520
20190807,GCR7869,ZBTJ,ZSDY,36000,39300,36840,39000,E190,28.72,TianjinAirlines,16R,209,B3247,,,,35520
20190807,CSZ9121,ZGSZ,ZBTJ,25200,36300,26040,35760,A320,34.1,ShenzhenAirlines,16R,118,B8665,,,,35640
220190807,NEWCSZ9121,Default,ZBTJ,25260,36360,26100,35820,A320,34.1,ShenzhenAirlines,16R,109,NEWB8665,,,60.0,35700
20190807,CSC8815,ZBTJ,ZYCC,36300,42900,36540,42000,A320,34.1,SichuanAirlines,16R,111,B8961,,,,35820
220190807,NEWCSC8815,ZBTJ,Default,36300,42900,36540,42000,A320,34.1,SichuanAirlines,16R,115,NEWB8961,,,0.0,35820
20190807,CCA1678,ZYHB,ZBTJ,28500,36900,29160,36000,B738,35.8,AirChina,16R,202,B7896,,,,35880
20190807,CTJ3812,ZSCN,ZBTJ,16800,24600,28920,36180,B734,28.9,TianjinAirCargo,16R,897,B2501,,,,36060
20190807,CCA8225,ZHHH,ZBTJ,29400,36300,31080,36420,A320,34.1,AirChina,16R,201,B6606,,,,36300
220190807,NEWCCA8225,Default,ZBTJ,29460,36360,31140,36480,A320,34.1,AirChina,16R,203,NEWB6606,,,60.0,36360
20190807,DKH1135,ZSPD,ZBTJ,27600,36600,28860,36600,A320,34.1,ShanghaiJuneyaoAirlines,16R,110,B1006,,,,36480
20190807,CSH9147,ZSSS,ZBTJ,29700,37500,30660,36720,B738,35.8,ShanghaiAirlines,16R,218,B208Z,,,,36600
220190807,NEWCSH9147,Default,ZBTJ,29760,37560,30720,36780,B738,35.8,ShanghaiAirlines,16R,219,NEWB208Z,,,60.0,36660
20190807,KAL805,RKSI,ZBTJ,29700,36600,32340,36840,A332,60.3,KoreanAirLines,16R,105,HL8002,,,,36720
220190807,NEWKAL805,Default,ZBTJ,29790,36690,32430,36930,A332,60.3,KoreanAirLines,16R,102,NEWHL8002,,,90.0,36810
220190807,NEWQDA6097,ZBTJ,Default,37500,54000,38820,0,A320,34.1,SKYLEGEND,16R,112,NEWB303V,,,0.0,37020
20190807,QDA6097,ZBTJ,VYMD,37500,54000,38820,0,A320,34.1,SKYLEGEND,16R,111,B303V,,,,37020
20190807,CCA8128,ZBHH,ZBTJ,33300,38100,33780,37440,B738,35.8,AirChina,16R,203,B5508,,,,37320
20190807,OKA2931,ZBTJ,ZGHA,37800,47100,39900,47700,B739,34.3,OkayAirways,16R,223,B1581,,,,37320
220190807,NEWCCA8128,Default,ZBTJ,33360,38160,33840,37500,B738,35.8,AirChina,16R,201,NEWB5508,,,60.0,37380
20190807,CDG8053,ZSAM,ZBTJ,27300,38400,28200,37560,B738,35.8,shandongAirlines,16R,202,B7976,,,,37440
20190807,CXA8145,ZSFZ,ZBTJ,27300,36600,28680,37740,B738,35.8,XiamenAirlines,16R,226,B1302,,,,37620
220190807,NEWCXA8145,Default,ZBTJ,27360,36660,28740,37800,B738,35.8,XiamenAirlines,16R,225,NEWB1302,,,60.0,37680
20190807,CHH7498,ZBTJ,ZYTL,38400,42000,38640,42120,B738,35.8,HainanAirlines,16R,208,B1795,,,,37920
20190807,CSC8810,ZUCK,ZBTJ,25500,34500,30120,38040,A321,34.1,SichuanAirlines,16R,110,B1677,,,,37920
20190807,CSC8567,ZBTJ,ZLLL,38400,47100,39480,46260,A321,34.1,SichuanAirlines,16R,114,B6920,,,,37920
220190807,NEWCHH7498,ZBTJ,Default,38400,42000,38640,42120,B738,35.8,HainanAirlines,16R,209,NEWB1795,,,0.0,37920
20190807,CBJ5740,ZBTJ,ZPLJ,38700,51600,41340,51900,A320,34.1,BeijingCapitalAirlines,16R,211,B6178,,,,38220
220190807,NEWCSN6653,ZBTJ,Default,38700,51300,39240,50040,A320,34.1,ChinaSouthernAirlines,16R,218,NEWB6583,,,0.0,38220
20190807,CSN6653,ZBTJ,ZGNN,38700,51300,39240,50040,A320,34.1,ChinaSouthernAirlines,16R,217,B6583,,,,38220
20190807,CXA8027,ZUCK,ZBTJ,30000,38700,30840,38520,B738,35.8,XiamenAirlines,16R,228,B1708,,,,38400
220190807,NEWCXA8027,Default,ZBTJ,30060,38760,30900,38580,B738,35.8,XiamenAirlines,16R,227,NEWB1708,,,60.0,38460
20190807,UEA2775,ZUUU,ZBTJ,29700,39000,30540,38700,A320,34.1,ChengduAirlines,16R,112,B8607,,,,38580
220190807,NEWUEA2775,Default,ZBTJ,29760,39060,30600,38760,A320,34.1,ChengduAirlines,16R,111,NEWB8607,,,60.0,38640
20190807,CXA8209,ZYTL,ZBTJ,35400,39000,36060,38820,B738,35.8,XiamenAirlines,16R,226,B6889,,,,38700
220190807,NEWCXA8209,Default,ZBTJ,35460,39060,36120,38880,B738,35.8,XiamenAirlines,16R,225,NEWB6889,,,60.0,38760
20190807,OKA2963,ZBTJ,ZJSY,39300,52800,40080,52920,B738,35.8,OkayAirways,16R,222,B5571,,,,38820
220190807,NEWAAR328,ZBTJ,Default,39300,45000,39720,44880,A321,34.1,AsianaAirways,16R,102,NEWHL8267,,,0.0,38820
20190807,AAR328,ZBTJ,RKSI,39300,45000,39720,44880,A321,34.1,AsianaAirways,16R,101,HL8267,,,,38820
20190807,CCA4188,ZBTJ,ZUUU,39300,49500,40740,49620,A321,34.1,AirChina,16R,108,B6386,,,,38820
20190807,JYH1056,ZBTJ,ZGGG,39300,50700,40620,50340,B738,35.8,TRANSJADE,16R,110,B1715,,,,38820
20190807,AMU238,VMMC,ZBTJ,29400,40500,30240,39480,A320,34.1,AirMacau,16R,103,BMCK,,,,39360
220190807,NEWAMU238,Default,ZBTJ,29460,40560,30300,39540,A320,34.1,AirMacau,16R,104,NEWBMCK,,,60.0,39420
20190807,CCA8225,ZBTJ,ZYDQ,39900,47100,40920,47160,A320,34.1,AirChina,16R,107,B6606,,,,39420
20190807,CSZ9122,ZBTJ,ZGSZ,39900,51900,41040,51060,A320,34.1,ShenzhenAirlines,16R,117,B8665,,,,39420
220190807,NEWCCA8225,ZBTJ,Default,39900,47100,40920,47160,A320,34.1,AirChina,16R,203,NEWB6606,,,0.0,39420
220190807,NEWCSZ9122,ZBTJ,Default,39900,51900,41040,51060,A320,34.1,ShenzhenAirlines,16R,109,NEWB8665,,,0.0,39420
220190807,NEWCSH9148,ZBTJ,Default,40020,49200,49260,55260,B738,35.8,ShanghaiAirlines,16R,218,NEWB208Z,,,0.0,39540
20190807,CSH9148,ZBTJ,ZSSS,40020,49200,49260,55260,B738,35.8,ShanghaiAirlines,16R,609,B208Z,,,,39540
20190807,CCA1656,ZSPD,ZBTJ,32700,41700,33840,39720,B738,35.8,AirChina,16R,201,B1528,,,,39600
20190807,CDG4693,ZBTJ,ZGSD,40200,52800,44040,55020,B738,35.8,shandongAirlines,16R,203,B7085,,,,39720
220190807,NEWCXA8287,ZBTJ,Default,40200,49500,48240,57720,B738,35.8,XiamenAirlines,16R,226,NEWB7179,,,0.0,39720
20190807,CXA8287,ZBTJ,ZSFZ,40200,49500,48240,57720,B738,35.8,XiamenAirlines,16R,225,B7179,,,,39720
20190807,DKH1135,ZBTJ,ZYBS,40200,46800,40260,45540,A320,34.1,ShanghaiJuneyaoAirlines,16R,113,B1006,,,,39720
220190807,NEWCDG4693,ZBTJ,Default,40200,52800,44040,55020,B738,35.8,shandongAirlines,16R,109,NEWB7085,,,0.0,39720
20190807,CXA8145,ZBTJ,ZBLA,40500,50400,50160,58380,B738,35.8,XiamenAirlines,16R,229,B1302,,,,40020
20190807,CJX8962,ZBTJ,ZSCN,40500,46800,40380,47100,B738,35.8,AIRCRANE,16R,115,B1557,,,,40020
220190807,NEWCXA8145,ZBTJ,Default,40500,50400,50160,58380,B738,35.8,XiamenAirlines,16R,227,NEWB1302,,,0.0,40020
220190807,NEWGCR7895,ZBTJ,Default,40500,51300,42120,51960,A332,60.3,TianjinAirlines,16R,414,NEWB8596,,,0.0,40020
20190807,GCR7895,ZBTJ,ZGGG,40500,51300,42120,51960,A332,60.3,TianjinAirlines,16R,212,B8596,,,,40020
20190807,ANA8503,RJAA,ZBTJ,30000,43500,30480,40440,B763,47.57,AllNipponAirways,16R,103,JA8970,,,,40320
220190807,NEWANA8503,Default,ZBTJ,30090,43590,30570,40530,B763,47.57,AllNipponAirways,16R,104,NEWJA8970,,,90.0,40410
20190807,CSN3133,ZGGG,ZBTJ,31200,41400,31620,40620,A320,34.1,ChinaSouthernAirlines,16R,221,B6628,,,,40500
220190807,NEWCSN3133,Default,ZBTJ,31260,41460,31680,40680,A320,34.1,ChinaSouthernAirlines,16R,220,NEWB6628,,,60.0,40560
20190807,JOY1596,ZSYT,ZBTJ,36600,42300,37140,40800,MA60,29.2,Joyair,16R,501,B3453,,,,40680
20190807,RLH6543,ZHES,ZBTJ,34800,42300,34200,40920,B737,35.8,SENDI,16R,112,B7088,,,,40800
220190807,NEWRLH6543,Default,ZBTJ,34860,42360,34260,40980,B737,35.8,SENDI,16R,110,NEWB7088,,,60.0,40860
20190807,CHH7675,ZSLY,ZBTJ,34800,39900,36840,41040,B738,35.8,HainanAirlines,16R,213,B5661,,,,40920
20190807,KAL806,ZBTJ,RKSI,41400,48000,47040,0,A332,60.3,KoreanAirLines,16R,102,HL8002,,,,40920
220190807,NEWKAL806,ZBTJ,Default,41400,48000,47040,0,A332,60.3,KoreanAirLines,16R,101,NEWHL8002,,,0.0,40920
220190807,NEWCHH7675,Default,ZBTJ,34860,39960,36900,41100,B738,35.8,HainanAirlines,16R,211,NEWB5661,,,60.0,40980
20190807,CSH9131,ZSPD,ZBTJ,33300,41100,34440,41220,B738,35.8,ShanghaiAirlines,16R,219,B20A9,,,,41100
20190807,CSZ8747,ZSNT,ZBTJ,34800,41100,36120,41400,A320,34.1,ShenzhenAirlines,16R,201,B9939,,,,41280
20190807,CCA8130,ZLIC,ZBTJ,35700,42900,35760,41520,B738,35.8,AirChina,16R,202,B5572,,,,41400
220190807,NEWCCA1671,ZBTJ,Default,42000,54000,44640,54780,B738,35.8,AirChina,16R,107,NEWB5442,,,0.0,41520
20190807,CCA1671,ZBTJ,ZGSZ,42000,54000,44640,54780,B738,35.8,AirChina,16R,108,B5442,,,,41520
20190807,CDG8053,ZBTJ,ZBLA,42000,51300,58600,63340,B738,35.8,shandongAirlines,16R,108,B7976,,,,41520
20190807,CSN3789,ZGSD,ZBTJ,31200,42300,31680,41700,B738,35.8,ChinaSouthernAirlines,16R,220,B1299,,,,41580
20190807,OKA2851,ZBTJ,ZUUU,42300,53100,42300,51000,B739,34.3,OkayAirways,16R,224,B1337,,,,41820
20190807,CXA8184,ZBYC,ZBTJ,36600,42000,37440,42060,B737,35.8,XiamenAirlines,16R,226,B5488,,,,41940
220190807,NEWCXA8184,Default,ZBTJ,36660,42060,37500,42120,B737,35.8,XiamenAirlines,16R,225,NEWB5488,,,60.0,42000
20190807,CXA8027,ZBTJ,ZYHB,42600,50700,46020,51960,B738,35.8,XiamenAirlines,16R,227,B1708,,,,42120
220190807,NEWCXA8027,ZBTJ,Default,42600,50700,46020,51960,B738,35.8,XiamenAirlines,16R,229,NEWB1708,,,0.0,42120
220190807,NEWUEA2775,ZBTJ,Default,42900,50400,43080,49020,A320,34.1,ChengduAirlines,16R,111,NEWB8607,,,0.0,42420
20190807,HXA2924,ZYBA,ZBTJ,35700,42900,36420,42540,CRJ9,23.2,Chinaexpressair,16R,602,B3382,,,,42420
20190807,UEA2775,ZBTJ,ZBUL,42900,50400,43080,49020,A320,34.1,ChengduAirlines,16R,113,B8607,,,,42420
220190807,NEWHXA2924,Default,ZBTJ,35760,42960,36480,42600,CRJ9,23.2,Chinaexpressair,16R,601,NEWB3382,,,60.0,42480
20190807,GCR7804,ZYTL,ZBTJ,38700,42600,39900,42660,A320,34.1,TianjinAirlines,16R,209,B300T,,,,42540
220190807,NEWGCR7804,Default,ZBTJ,38760,42660,39960,42720,A320,34.1,TianjinAirlines,16R,210,NEWB300T,,,60.0,42600
20190807,OKA2965,ZBTJ,ZLXN,43200,52800,50880,58440,B738,35.8,OkayAirways,16R,224,B1963,,,,42720
20190807,FZA6569,ZSLY,ZBTJ,39000,43800,39600,43080,B738,35.8,STRAITAIR,16R,211,B1559,,,,42960
20190807,CHH7676,ZBTJ,ZSLY,43500,48900,45420,49500,B738,35.8,HainanAirlines,16R,209,B5661,,,,43020
220190807,NEWCHH7676,ZBTJ,Default,43500,48900,45420,49500,B738,35.8,HainanAirlines,16R,210,NEWB5661,,,0.0,43020
20190807,LKE9631,ZUMY,ZBTJ,34500,43800,34980,43380,B738,35.8,LUCKYAIR,16R,213,B5732,,,,43260
20190807,KAL317,RKSI,ZBTJ,37500,44700,39000,43500,B744,64.4,KoreanAirLines,16R,102,HL8005,,,,43380
220190807,NEWKAL317,Default,ZBTJ,37590,44790,39090,43590,B744,64.4,KoreanAirLines,16R,105,NEWHL8005,,,90.0,43470
20190807,CQH8914,RKPC,ZBTJ,37200,45600,37500,43680,A320,34.1,ShanghaiSpringAirlines,16R,110,B6309,,,,43560
20190807,AMU237,ZBTJ,VMMC,44100,56100,45240,0,A320,34.1,AirMacau,16R,101,BMCK,,,,43620
20190807,CCA735,ZBTJ,RJBB,44100,53700,48120,0,B738,35.8,AirChina,16R,109,B7896,,,,43620
220190807,NEWAMU237,ZBTJ,Default,44100,56100,45240,0,A320,34.1,AirMacau,16R,106,NEWBMCK,,,0.0,43620
220190807,NEWCQH8914,Default,ZBTJ,37260,45660,37560,43740,A320,34.1,ShanghaiSpringAirlines,16R,112,NEWB6309,,,60.0,43620
20190807,CSH9115,ZSSS,ZBTJ,36600,44100,37200,43800,B738,35.8,ShanghaiAirlines,16R,218,B6107,,,,43680
220190807,NEWCSH9115,Default,ZBTJ,36660,44160,37260,43860,B738,35.8,ShanghaiAirlines,16R,219,NEWB6107,,,60.0,43740
20190807,CBG8819,ZHYC,ZBTJ,37800,45300,37560,43980,E190,28.72,SPRAY,16R,111,B3173,,,,43860
20190807,HXA2912,ZBZL,ZBTJ,35700,43200,36480,44100,A320,34.1,Chinaexpressair,16R,601,B307T,,,,43980
20190807,CCA1246,ZLLL,ZBTJ,37800,45600,37500,44220,B738,35.8,AirChina,16R,202,B1526,,,,44100
220190807,NEWCCA1246,Default,ZBTJ,37860,45660,37560,44280,B738,35.8,AirChina,16R,201,NEWB1526,,,60.0,44160
20190807,CSZ8748,ZBTJ,ZSNT,44700,51300,49920,55200,A320,34.1,ShenzhenAirlines,16R,107,B9939,,,,44220
20190807,CCA1664,ZSWH,ZBTJ,38400,43500,40980,44400,B738,35.8,AirChina,16R,117,B1762,,,,44280
220190807,NEWCCA1664,Default,ZBTJ,38460,43560,41040,44460,B738,35.8,AirChina,16R,203,NEWB1762,,,60.0,44340
20190807,CES5787,ZULZ,ZBTJ,34200,43200,34380,44580,B738,35.8,ChinaEasternAirlines,16R,215,B6148,,,,44460
220190807,NEWCSN3134,ZBTJ,Default,45000,56400,45780,55320,A320,34.1,ChinaSouthernAirlines,16R,220,NEWB6628,,,0.0,44520
20190807,CXA8209,ZBTJ,ZLLL,45000,54000,44940,52440,B738,35.8,XiamenAirlines,16R,225,B6889,,,,44520
20190807,CSN3134,ZBTJ,ZGGG,45000,56400,45780,55320,A320,34.1,ChinaSouthernAirlines,16R,221,B6628,,,,44520
220190807,NEWCXA8209,ZBTJ,Default,45000,54000,44940,52440,B738,35.8,XiamenAirlines,16R,226,NEWB6889,,,0.0,44520
20190807,CSC875Z,ZBTJ,ZBAA,45000,46800,49380,51120,A320,34.1,SichuanAirlines,16R,110,B6697,,,,44520
20190807,GCR7864,ZHHH,ZBTJ,37800,44700,38940,44700,A20N,35.8,TianjinAirlines,16R,211,B8597,,,,44580
220190807,NEWGCR7864,Default,ZBTJ,37860,44760,39000,44760,A20N,35.8,TianjinAirlines,16R,213,NEWB8597,,,60.0,44640
20190807,CSH9132,ZBTJ,ZSPD,45180,52200,47700,53940,B738,35.8,ShanghaiAirlines,16R,218,B20A9,,,,44700
20190807,JAL841,RJGG,ZBTJ,34500,46200,35820,44820,B738,35.8,JapanAirlines,16R,104,JA310J,,,,44700
220190807,NEWJAL841,Default,ZBTJ,34560,46260,35880,44880,B738,35.8,JapanAirlines,16R,103,NEWJA310J,,,60.0,44760
220190807,NEWCXA8134,ZBTJ,Default,45600,55500,50520,59280,B737,35.8,XiamenAirlines,16R,225,NEWB5488,,,0.0,45120
20190807,CXA8134,ZBTJ,ZSAM,45600,55500,50520,59280,B737,35.8,XiamenAirlines,16R,226,B5488,,,,45120
220190807,NEWCSH9116,ZBTJ,Default,45800,55800,51420,57240,B738,35.8,ShanghaiAirlines,16R,219,NEWB6107,,,0.0,45320
20190807,CSH9116,ZBTJ,ZSSS,45800,55800,51420,57240,B738,35.8,ShanghaiAirlines,16R,218,B6107,,,,45320
20190807,GCR7994,RKSI,ZBTJ,38700,45300,40980,45660,A320,34.1,TianjinAirlines,16R,211,B1850,,,,45540
220190807,NEWGCR7994,Default,ZBTJ,38760,45360,41040,45720,A320,34.1,TianjinAirlines,16R,213,NEWB1850,,,60.0,45600
20190807,CES2369,ZSPD,ZBTJ,37500,45900,38940,45780,A20N,35.8,ChinaEasternAirlines,16R,219,B1211,,,,45660
20190807,LKE9683,ZBTJ,ZLLL,46200,56700,47820,55140,B738,35.8,LUCKYAIR,16R,210,B5732,,,,45720
20190807,OKA2904,ZGHA,ZBTJ,38700,47100,39180,45900,B738,35.8,OkayAirways,16R,222,B206E,,,,45780
220190807,NEWRLH6544,ZBTJ,Default,46380,54300,47280,55020,B737,35.8,SENDI,16R,111,NEWB7088,,,0.0,45900
20190807,RLH6544,ZBTJ,ZHES,46380,54300,47280,55020,B737,35.8,SENDI,16R,110,B7088,,,,45900
20190807,CCA1931,ZSWZ,ZBTJ,37200,45300,38880,46140,A320,34.1,AirChina,16R,202,B8337,,,,46020
20190807,EVA730,RCTP,ZBTJ,33900,45300,37080,46380,A321,34.1,EVAAir,16R,104,B16201,,,,46260
20190807,CSN3790,ZBTJ,ZGSD,46800,59100,46740,57420,B738,35.8,ChinaSouthernAirlines,16R,217,B1299,,,,46320
20190807,CCA1441,ZBTJ,ZBYN,46800,51300,48420,51420,B738,35.8,AirChina,16R,107,B1762,,,,46320
220190807,NEWEVA730,Default,ZBTJ,33960,45360,37140,46440,A321,34.1,EVAAir,16R,103,NEWB16201,,,60.0,46320
220190807,NEWCCA1441,ZBTJ,Default,46800,51300,48420,51420,B738,35.8,AirChina,16R,108,NEWB1762,,,0.0,46320
20190807,GCR7979,ZBTJ,RJBB,46800,56700,49560,0,A320,34.1,TianjinAirlines,16R,210,B300T,,,,46320
220190807,NEWGCR7979,ZBTJ,Default,46800,56700,49560,0,A320,34.1,TianjinAirlines,16R,208,NEWB300T,,,0.0,46320
20190807,CCA8134,ZSWY,ZBTJ,35400,43500,39660,46560,B737,35.8,AirChina,16R,203,B5213,,,,46440
220190807,NEWHXA2905,ZBTJ,Default,47100,55200,47460,54540,CRJ9,23.2,Chinaexpressair,16R,601,NEWB3382,,,0.0,46620
20190807,HXA4363,ZBTJ,ZLXN,47100,55800,50040,57720,A320,34.1,Chinaexpressair,16R,601,B307T,,,,46620
20190807,HXA2905,ZBTJ,ZLTS,47100,55200,47460,54540,CRJ9,23.2,Chinaexpressair,16R,602,B3382,,,,46620
20190807,CDG4718,ZBHH,ZBTJ,42900,48000,43020,46920,B738,35.8,shandongAirlines,16R,201,B1511,,,,46800
20190807,CES5143,ZSSS,ZBTJ,40200,48600,41160,47000,A20N,35.8,ChinaEasternAirlines,16R,216,B303E,,,,46880
20190807,CES5747,ZPPP,ZBTJ,34500,46500,36120,47000,B738,35.8,ChinaEasternAirlines,16R,219,B7590,,,,46880
20190807,FZA6570,ZBTJ,ZSLY,47400,51900,48960,52680,B738,35.8,STRAITAIR,16R,209,B1559,,,,46920
20190807,CCA1932,ZBTJ,ZSWZ,47400,57000,53640,60780,A320,34.1,AirChina,16R,117,B8337,,,,46920
220190807,NEWCDG4718,Default,ZBTJ,43040,48140,43160,47060,B738,35.8,shandongAirlines,16R,202,NEWB1511,,,140.0,46940
220190807,NEWCES5747,Default,ZBTJ,34620,46620,36240,47120,B738,35.8,ChinaEasternAirlines,16R,215,NEWB7590,,,120.0,47000
20190807,CES5788,ZBTJ,ZULZ,47600,57600,48720,57720,B738,35.8,ChinaEasternAirlines,16R,217,B6148,,,,47120
220190807,NEWOKA3025,ZBTJ,Default,47700,61200,50760,0,B738,35.8,OkayAirways,16R,222,NEWB1521,,,0.0,47220
20190807,OKA3025,ZBTJ,RJBB,47700,61200,50760,0,B738,35.8,OkayAirways,16R,223,B1521,,,,47220
20190807,GCR7577,ZWWW,ZBTJ,33600,47400,35160,47520,A320,34.1,TianjinAirlines,16R,206,B302X,,,,47400
220190807,NEWCHH7725,ZBTJ,Default,48000,55800,54060,0,B738,35.8,HainanAirlines,16R,209,NEWB5375,,,0.0,47520
20190807,CHH7725,ZBTJ,ZYHB,48000,55800,54060,0,B738,35.8,HainanAirlines,16R,205,B5375,,,,47520
20190807,CCA1467,ZBTJ,ZPPP,48000,61500,49140,59640,B738,35.8,AirChina,16R,203,B5572,,,,47520
20190807,CHH7791,ZHYC,ZBTJ,42000,49500,42000,47760,B738,35.8,HainanAirlines,16R,212,B5580,,,,47640
220190807,NEWCHH7791,Default,ZBTJ,42060,49560,42060,47820,B738,35.8,HainanAirlines,16R,214,NEWB5580,,,60.0,47700
20190807,GCR7852,ZSHC,ZBTJ,40800,48900,42060,47880,A20N,35.8,TianjinAirlines,16R,211,B8952,,,,47760
20190807,CCA1260,ZUGY,ZBTJ,37800,48000,38640,48000,B738,35.8,AirChina,16R,201,B5518,,,,47880
20190807,CCA172,RKSI,ZBTJ,42300,48600,43440,48060,B738,35.8,AirChina,16R,202,B5495,,,,47940
20190807,GCR7900,ZLXY,ZBTJ,41700,48300,42120,48180,A320,34.1,TianjinAirlines,16R,215,B3189,,,,48060
220190807,NEWGCR7900,Default,ZBTJ,41760,48360,42180,48240,A320,34.1,TianjinAirlines,16R,213,NEWB3189,,,60.0,48120
20190807,KAL863,RKSI,ZBTJ,41700,48600,43800,48420,B739,34.3,KoreanAirLines,16R,104,HL8273,,,,48300
220190807,NEWKAL863,Default,ZBTJ,41760,48660,43860,48480,B739,34.3,KoreanAirLines,16R,103,NEWHL8273,,,60.0,48360
220190807,NEWANA8504,ZBTJ,Default,48900,60600,51120,0,B763,47.57,AllNipponAirways,16R,101,NEWJA8970,,,0.0,48420
220190807,NEWCCA8121,ZBTJ,Default,48900,64200,49800,62940,B738,35.8,AirChina,16R,108,NEWB5508,,,0.0,48420
20190807,ANA8504,ZBTJ,RJAA,48900,60600,51120,0,B763,47.57,AllNipponAirways,16R,102,JA8970,,,,48420
20190807,CCA8121,ZBTJ,ZWWW,48900,64200,49800,62940,B738,35.8,AirChina,16R,109,B5508,,,,48420
20190807,CSN3301,ZGGG,ZBTJ,39600,50400,40260,48780,A21N,35.8,ChinaSouthernAirlines,16R,221,B308D,,,,48660
220190807,NEWCCA801,ZBTJ,Default,49200,55500,52860,0,B738,35.8,AirChina,16R,108,NEWB1526,,,0.0,48720
20190807,CBG8820,ZBTJ,ZHYC,49200,57300,50640,57540,E190,28.72,SPRAY,16R,110,B3173,,,,48720
220190807,NEWCSN3301,Default,ZBTJ,39660,50460,40320,48840,A21N,35.8,ChinaSouthernAirlines,16R,220,NEWB308D,,,60.0,48720
20190807,CCA801,ZBTJ,RKSI,49200,55500,52860,0,B738,35.8,AirChina,16R,109,B1526,,,,48720
20190807,GCR7882,ZSPD,ZBTJ,41100,49200,43200,49020,A320,34.1,TianjinAirlines,16R,209,B8381,,,,48900
20190807,CES2369,ZBTJ,ZBCF,49400,55500,52440,55980,A20N,35.8,ChinaEasternAirlines,16R,217,B1211,,,,48920
220190807,NEWGCR7882,Default,ZBTJ,41160,49260,43260,49080,A320,34.1,TianjinAirlines,16R,211,NEWB8381,,,60.0,48960
20190807,GCR7859,ZBTJ,ZLXY,49500,56400,51780,58020,A321,34.1,TianjinAirlines,16R,208,B1850,,,,49020
220190807,NEWGCR7859,ZBTJ,Default,49500,56400,51780,58020,A321,34.1,TianjinAirlines,16R,210,NEWB1850,,,0.0,49020
20190807,CHH7725,ZGHA,ZBTJ,36000,44400,42420,49200,B738,35.8,HainanAirlines,16R,206,B5375,,,,49080
220190807,NEWCHH7725,Default,ZBTJ,36060,44460,42480,49260,B738,35.8,HainanAirlines,16R,212,NEWB5375,,,60.0,49140
20190807,EVA729,ZBTJ,RCTP,49800,60300,54420,0,A321,34.1,EVAAir,16R,105,B16201,,,,49320
220190807,NEWEVA729,ZBTJ,Default,49800,60300,54420,0,A321,34.1,EVAAir,16R,106,NEWB16201,,,0.0,49320
20190807,GCR787Z,ZSDY,ZBTJ,44400,47700,47940,49800,E190,28.72,TianjinAirlines,16R,214,B3108,,,,49680
220190807,NEWGCR787Z,Default,ZBTJ,44460,47760,48000,49860,E190,28.72,TianjinAirlines,16R,213,NEWB3108,,,60.0,49740
220190807,NEWJAL840,ZBTJ,Default,50400,60300,51600,0,B738,35.8,JapanAirlines,16R,105,NEWJA310J,,,0.0,49920
20190807,JAL840,ZBTJ,RJGG,50400,60300,51600,0,B738,35.8,JapanAirlines,16R,106,JA310J,,,,49920
220190807,NEWCES5748,ZBTJ,Default,50700,63300,51300,62340,B738,35.8,ChinaEasternAirlines,16R,215,NEWB7590,,,0.0,50220
220190807,NEWCQH8989,ZBTJ,Default,50700,57000,54840,60420,A320,34.1,ShanghaiSpringAirlines,16R,110,NEWB6309,,,0.0,50220
20190807,CES5748,ZBTJ,ZPPP,50700,63300,51300,62340,B738,35.8,ChinaEasternAirlines,16R,216,B7590,,,,50220
20190807,CCA8357,ZBTJ,ZLXN,50700,60000,56040,64200,B738,35.8,AirChina,16R,108,B5696,,,,50220
20190807,CQH8989,ZBTJ,ZSYA,50700,57000,54840,60420,A320,34.1,ShanghaiSpringAirlines,16R,112,B6309,,,,50220
20190807,CCA1534,ZSSS,ZBTJ,39300,47400,44640,50520,B737,35.8,AirChina,16R,202,B5681,,,,50400
20190807,OKA2903,ZBTJ,ZGHA,51000,59700,52380,60300,B738,35.8,OkayAirways,16R,223,B206E,,,,50520
20190807,GCR7577,ZBTJ,ZYCC,51000,57600,54720,60480,A320,34.1,TianjinAirlines,16R,211,B302X,,,,50520
20190807,CSC8358,ZJHK,ZBTJ,38700,52200,39480,51180,A321,34.1,SichuanAirlines,16R,113,B6810,,,,51060
20190807,CDG4718,ZBTJ,ZSQD,51600,55800,52620,56040,B738,35.8,shandongAirlines,16R,203,B1511,,,,51120
220190807,NEWGCR7829,ZBTJ,Default,51600,56700,51900,55980,E190,28.72,TianjinAirlines,16R,211,NEWB3189,,,0.0,51120
220190807,NEWCDG4718,ZBTJ,Default,51600,55800,52620,56040,B738,35.8,shandongAirlines,16R,107,NEWB1511,,,0.0,51120
20190807,GCR7829,ZBTJ,ZBHH,51600,56700,51900,55980,E190,28.72,TianjinAirlines,16R,209,B3189,,,,51120
220190807,NEWCSC8358,Default,ZBTJ,38760,52260,39540,51240,A321,34.1,SichuanAirlines,16R,110,NEWB6810,,,60.0,51120
20190807,CCA1680,ZUCK,ZBTJ,43500,52500,43860,51300,B738,35.8,AirChina,16R,201,B5696,,,,51180
20190807,CSC8816,ZYCC,ZBTJ,46200,53100,46260,51480,A320,34.1,SichuanAirlines,16R,111,B8961,,,,51360
220190807,NEWCSC8816,Default,ZBTJ,46260,53160,46320,51540,A320,34.1,SichuanAirlines,16R,112,NEWB8961,,,60.0,51420
20190807,GCR7584,ZYHB,ZBTJ,44700,52200,45600,51780,A320,34.1,TianjinAirlines,16R,213,B8075,,,,51660
220190807,NEWGCR7584,Default,ZBTJ,44760,52260,45660,51840,A320,34.1,TianjinAirlines,16R,214,NEWB8075,,,60.0,51720
20190807,CCA1319,ZBTJ,ZGSZ,52500,64200,55200,65340,B738,35.8,AirChina,16R,107,B5495,,,,52020
20190807,CXA8366,ZGSZ,ZBTJ,42300,54000,42540,52380,B738,35.8,XiamenAirlines,16R,226,B5306,,,,52260
220190807,NEWKAL864,ZBTJ,Default,52800,59700,54960,0,B739,34.3,KoreanAirLines,16R,102,NEWHL8273,,,0.0,52320
220190807,NEWGCR7871,ZBTJ,Default,52800,66900,53100,66960,A321,34.1,TianjinAirlines,16R,208,NEWB8597,,,0.0,52320
20190807,KAL864,ZBTJ,RKSI,52800,59700,54960,0,B739,34.3,KoreanAirLines,16R,101,HL8273,,,,52320
220190807,NEWCXA8366,Default,ZBTJ,42360,54060,42600,52440,B738,35.8,XiamenAirlines,16R,225,NEWB5306,,,60.0,52320
20190807,GCR7871,ZBTJ,ZJSY,52800,66900,53100,66960,A321,34.1,TianjinAirlines,16R,210,B8597,,,,52320
20190807,CCA8362,ZGSZ,ZBTJ,31500,42000,42960,52680,B738,35.8,AirChina,16R,203,B7182,,,,52560
20190807,CHH7792,ZBTJ,ZHYC,53100,61200,53400,59940,B738,35.8,HainanAirlines,16R,211,B5580,,,,52620
220190807,NEWCHH7792,ZBTJ,Default,53100,61200,53400,59940,B738,35.8,HainanAirlines,16R,206,NEWB5580,,,0.0,52620
20190807,CCA1428,ZUUU,ZBTJ,43500,51900,45060,52800,B738,35.8,AirChina,16R,202,B7890,,,,52680
20190807,OKA2820,ZGKL,ZBTJ,43200,53400,43380,52860,B738,35.8,OkayAirways,16R,223,B1267,,,,52740
220190807,NEWOKA2820,Default,ZBTJ,43260,53460,43440,52920,B738,35.8,OkayAirways,16R,222,NEWB1267,,,60.0,52800
20190807,CCA1481,ZBTJ,ZGKL,53400,63900,55500,64620,B738,35.8,AirChina,16R,203,B5681,,,,52920
20190807,CCA1387,ZBTJ,ZGGG,53400,64800,53940,63720,B738,35.8,AirChina,16R,107,B1528,,,,52920
20190807,CCA1318,ZGGG,ZBTJ,42900,54600,44220,53280,B737,35.8,AirChina,16R,201,B5585,,,,53160
20190807,CCA1389,ZBTJ,ZJSY,53700,68700,54600,67320,B738,35.8,AirChina,16R,108,B5518,,,,53220
20190807,CSN3302,ZBTJ,ZGGG,54000,65700,58620,68340,A21N,35.8,ChinaSouthernAirlines,16R,217,B308D,,,,53520
20190807,CCA8125,ZBTJ,ZGHZ,54000,66000,56460,65760,B737,35.8,AirChina,16R,107,B5213,,,,53520
220190807,NEWCSN3302,ZBTJ,Default,54000,65700,58620,68340,A21N,35.8,ChinaSouthernAirlines,16R,218,NEWB308D,,,0.0,53520
20190807,CES5143,ZBTJ,ZYHB,54300,62100,55380,62160,A20N,35.8,ChinaEasternAirlines,16R,218,B303E,,,,53820
20190807,CCA1523,ZBTJ,ZSSS,54300,61500,57780,63480,B738,35.8,AirChina,16R,107,B7890,,,,53820
20190807,HXA2670,ZLGY,ZBTJ,47700,53700,48180,54060,A320,34.1,Chinaexpressair,16R,601,B8695,,,,53940
220190807,NEWHXA2670,Default,ZBTJ,47760,53760,48240,54120,A320,34.1,Chinaexpressair,16R,602,NEWB8695,,,60.0,54000
20190807,GCR7851,ZBTJ,ZSHC,54600,61500,55860,61620,A20N,35.8,TianjinAirlines,16R,209,B8952,,,,54120
20190807,CCA9698,ZLXN,ZBTJ,45300,53400,46140,54600,B738,35.8,AirChina,16R,201,B7893,,,,54480
20190807,CUA2216,ZSPD,ZBTJ,46500,54600,47340,54600,B738,35.8,LIANHANG,16R,115,B7372,,,,54480
20190807,DKH1136,ZYBS,ZBTJ,49500,56400,49260,54600,A320,34.1,ShanghaiJuneyaoAirlines,16R,116,B1006,,,,54480
220190807,NEWCCA9698,Default,ZBTJ,45360,53460,46200,54660,B738,35.8,AirChina,16R,202,NEWB7893,,,60.0,54540
220190807,NEWDKH1136,Default,ZBTJ,49620,56520,49380,54720,A320,34.1,ShanghaiJuneyaoAirlines,16R,111,NEWB1006,,,120.0,54600
20190807,GCR6511,ZHHH,ZBTJ,46200,53700,48720,54780,A320,34.1,TianjinAirlines,16R,211,B6837,,,,54660
220190807,NEWGCR6511,Default,ZBTJ,46260,53760,48780,54840,A320,34.1,TianjinAirlines,16R,213,NEWB6837,,,60.0,54720
20190807,GCR7982,RJGG,ZBTJ,43200,53700,46080,55080,A320,34.1,TianjinAirlines,16R,214,B1052,,,,54960
20190807,CSC8350,ZGNN,ZBTJ,42600,54900,44160,55260,A321,34.1,SichuanAirlines,16R,110,B6839,,,,55140
20190807,CCA1396,ZGGG,ZBTJ,31500,42600,46560,55320,B738,35.8,AirChina,16R,117,B1219,,,,55200
220190807,NEWCCA1396,Default,ZBTJ,31560,42660,46620,55380,B738,35.8,AirChina,16R,203,NEWB1219,,,60.0,55260
20190807,CSC8809,ZBTJ,ZUCK,55800,65400,56220,64440,A321,34.1,SichuanAirlines,16R,113,B6810,,,,55320
220190807,NEWCSC8809,ZBTJ,Default,55800,65400,56220,64440,A321,34.1,SichuanAirlines,16R,114,NEWB6810,,,0.0,55320
20190807,CCA136T,ZBTJ,ZBAA,55800,57600,55620,57120,A319,34.09,AirChina,16R,109,B6237,,,,55320
220190807,NEWCSC8350,Default,ZBTJ,42780,55080,44340,55440,A321,34.1,SichuanAirlines,16R,112,NEWB6839,,,180.0,55320
20190807,GCR7584,ZBTJ,ZLXY,56400,63300,56940,62760,A320,34.1,TianjinAirlines,16R,210,B8075,,,,55920
220190807,NEWGCR7584,ZBTJ,Default,56400,63300,56940,62760,A320,34.1,TianjinAirlines,16R,208,NEWB8075,,,0.0,55920
20190807,CSC8816,ZBTJ,ZSHC,56700,63600,57960,63780,A320,34.1,SichuanAirlines,16R,110,B8961,,,,56220
220190807,NEWCSC8816,ZBTJ,Default,56700,63600,57960,63780,A320,34.1,SichuanAirlines,16R,112,NEWB8961,,,0.0,56220
220190807,NEWCXA8379,ZBTJ,Default,57000,69900,57660,67740,B738,35.8,XiamenAirlines,16R,225,NEWB5306,,,0.0,56520
20190807,HXA2669,ZBTJ,ZLGY,57000,64500,59400,65100,A320,34.1,Chinaexpressair,16R,601,B8695,,,,56520
20190807,CXA8379,ZBTJ,ZGSZ,57000,69900,57660,67740,B738,35.8,XiamenAirlines,16R,226,B5306,,,,56520
220190807,NEWHXA2669,ZBTJ,Default,57000,64500,59400,65100,A320,34.1,Chinaexpressair,16R,602,NEWB8695,,,0.0,56520
20190807,OKA3083,ZBTJ,ZGKL,57300,68400,57120,66360,B739,34.3,OkayAirways,16R,223,B1267,,,,56820
220190807,NEWOKA3083,ZBTJ,Default,57300,68400,57120,66360,B739,34.3,OkayAirways,16R,222,NEWB1267,,,0.0,56820
20190807,CCA8226,ZYDQ,ZBTJ,49800,57000,50400,56940,A320,34.1,AirChina,16R,202,B6606,,,,56820
20190807,GCR7880,ZLQY,ZBTJ,51900,58200,51600,57120,E190,28.72,TianjinAirlines,16R,209,B3265,,,,57000
20190807,KAL318,ZBTJ,RKSI,57600,63900,59040,0,B744,64.4,KoreanAirLines,16R,101,HL8005,,,,57120
220190807,NEWKAL318,ZBTJ,Default,57600,63900,59040,0,B744,64.4,KoreanAirLines,16R,102,NEWHL8005,,,0.0,57120
20190807,CSH9063,ZSSS,ZBTJ,49800,57900,50880,57360,B737,35.8,ShanghaiAirlines,16R,219,B5722,,,,57240
20190807,CCA1530,ZSAM,ZBTJ,40200,50700,49260,57360,B738,35.8,AirChina,16R,203,B1418,,,,57240
220190807,NEWCCA1530,Default,ZBTJ,40260,50760,49320,57420,B738,35.8,AirChina,16R,201,NEWB1418,,,60.0,57300
20190807,GCR6491,ZHNY,ZBTJ,51000,57300,52500,57540,E190,28.72,TianjinAirlines,16R,211,B3163,,,,57420
20190807,CCA1673,ZBTJ,ZSHC,57900,64500,60120,65700,B737,35.8,AirChina,16R,108,B5585,,,,57420
20190807,GCR7581,ZLXY,ZBTJ,49800,56400,51360,57600,E190,28.72,TianjinAirlines,16R,210,B3123,,,,57480
220190807,NEWGCR6491,Default,ZBTJ,51120,57420,52620,57660,E190,28.72,TianjinAirlines,16R,213,NEWB3163,,,120.0,57540
20190807,CSC8127,ZBTJ,ZGDY,58200,67200,62520,69960,A321,34.1,SichuanAirlines,16R,111,B1677,,,,57720
20190807,CSC8568,ZLLL,ZBTJ,51000,58500,50940,57960,A321,34.1,SichuanAirlines,16R,110,B6920,,,,57840
220190807,NEWCCA1401,ZBTJ,Default,58400,70300,60540,71700,B738,35.8,AirChina,16R,107,NEWB1219,,,0.0,57920
20190807,CCA1401,ZBTJ,ZPPP,58400,70300,60540,71700,B738,35.8,AirChina,16R,109,B1219,,,,57920
20190807,GCR7978,RJBB,ZBTJ,44400,55200,49800,58320,A333,60.3,TianjinAirlines,16R,212,B302D,,,,58200
220190807,NEWGCR7978,Default,ZBTJ,44490,55290,49890,58410,A333,60.3,TianjinAirlines,16R,418,NEWB302D,,,90.0,58290
20190807,GCR6512,ZBTJ,ZHHH,58800,65700,61680,67200,A320,34.1,TianjinAirlines,16R,208,B6837,,,,58320
220190807,NEWGCR6512,ZBTJ,Default,58800,65700,61680,67200,A320,34.1,TianjinAirlines,16R,209,NEWB6837,,,0.0,58320
20190807,CSN6580,ZUCK,ZBTJ,47700,56700,51000,58680,A320,34.1,ChinaSouthernAirlines,16R,220,B6896,,,,58560
220190807,NEWCSN6580,Default,ZBTJ,47760,56760,51060,58740,A320,34.1,ChinaSouthernAirlines,16R,221,NEWB6896,,,60.0,58620
20190807,CHH7797,ZSCN,ZBTJ,50100,58800,52020,58800,B738,35.8,HainanAirlines,16R,213,B5798,,,,58680
220190807,NEWCHH7797,Default,ZBTJ,50160,58860,52080,58860,B738,35.8,HainanAirlines,16R,209,NEWB5798,,,60.0,58740
220190807,NEWCCA1527,ZBTJ,Default,59400,66900,64440,69720,B738,35.8,AirChina,16R,107,NEWB1418,,,0.0,58920
20190807,CCA1527,ZBTJ,ZSSS,59400,66900,64440,69720,B738,35.8,AirChina,16R,108,B1418,,,,58920
20190807,CCA1372,ZGSZ,ZBTJ,42900,54900,49320,59100,B737,35.8,AirChina,16R,201,B5793,,,,58980
220190807,NEWCCA1372,Default,ZBTJ,42960,54960,49380,59160,B737,35.8,AirChina,16R,117,NEWB5793,,,60.0,59040
20190807,EPA6246,ZBTJ,ZGCJ,59700,69600,65460,73800,B738,35.8,DONGHAIAIR,16R,208,B1770,,,,59220
20190807,SJO254,ZBTJ,RJAA,59700,71700,64560,0,B738,35.8,SpringJapan,16R,101,JA03GR,,,,59220
20190807,GCR7581,ZBTJ,ZBXH,59700,65400,60960,64500,E190,28.72,TianjinAirlines,16R,210,B3123,,,,59220
20190807,CXA8314,ZGGG,ZBTJ,45300,56700,50580,59340,B738,35.8,XiamenAirlines,16R,226,B6482,,,,59220
220190807,NEWCXA8314,Default,ZBTJ,45360,56760,50640,59400,B738,35.8,XiamenAirlines,16R,225,NEWB6482,,,60.0,59280
20190807,CUA2215,ZBTJ,ZSPD,60000,66000,61440,67380,B738,35.8,LIANHANG,16R,114,B7372,,,,59520
20190807,GCR7898,ZUCK,ZBTJ,47700,57000,51780,59640,A20N,35.8,TianjinAirlines,16R,211,B8776,,,,59520
220190807,NEWGCR7898,Default,ZBTJ,47760,57060,51840,59700,A20N,35.8,TianjinAirlines,16R,214,NEWB8776,,,60.0,59580
20190807,CCA104,VHHH,ZBTJ,46200,58500,50220,59760,B738,35.8,AirChina,16R,202,B6499,,,,59640
220190807,NEWCCA104,Default,ZBTJ,46260,58560,50280,59820,B738,35.8,AirChina,16R,203,NEWB6499,,,60.0,59700
20190807,SJO253,RJAA,ZBTJ,42900,56100,48660,59880,B738,35.8,SpringJapan,16R,103,JA05GR,,,,59760
220190807,NEWCSN6580,ZBTJ,Default,60300,64200,62880,65400,A320,34.1,ChinaSouthernAirlines,16R,217,NEWB6896,,,0.0,59820
20190807,CSN6580,ZBTJ,ZYTL,60300,64200,62880,65400,A320,34.1,ChinaSouthernAirlines,16R,220,B6896,,,,59820
20190807,CSN3694,ZBTJ,ZGHA,60300,69600,69000,75960,A321,34.1,ChinaSouthernAirlines,16R,217,B6252,,,,59820
220190807,NEWCSN3694,ZBTJ,Default,60300,69600,69000,75960,A321,34.1,ChinaSouthernAirlines,16R,220,NEWB6252,,,0.0,59820
20190807,GCR7856,ZPPP,ZBTJ,47700,59100,48600,60060,A332,60.3,TianjinAirlines,16R,212,B8659,,,,59940
220190807,NEWGCR7856,Default,ZBTJ,47790,59190,48690,60150,A332,60.3,TianjinAirlines,16R,418,NEWB8659,,,90.0,60030
20190807,CCA8226,ZBTJ,ZHHH,60600,67800,62160,67860,A320,34.1,AirChina,16R,107,B6606,,,,60120
220190807,NEWDKH1136,ZBTJ,Default,60600,68400,61740,67440,A320,34.1,ShanghaiJuneyaoAirlines,16R,113,NEWB1006,,,0.0,60120
20190807,DKH1136,ZBTJ,ZSSS,60600,68400,61740,67440,A320,34.1,ShanghaiJuneyaoAirlines,16R,110,B1006,,,,60120
20190807,GCR7704,ZGKL,ZBTJ,43200,52800,50760,60300,E190,28.72,TianjinAirlines,16R,213,B3212,,,,60180
220190807,NEWCXA8551,ZBTJ,Default,60900,68400,63180,68760,B738,35.8,XiamenAirlines,16R,226,NEWB6482,,,0.0,60420
220190807,NEWGCR6492,ZBTJ,Default,60900,67500,63060,68220,E190,28.72,TianjinAirlines,16R,212,NEWB3163,,,0.0,60420
20190807,GCR6492,ZBTJ,ZHNY,60900,67500,63060,68220,E190,28.72,TianjinAirlines,16R,208,B3163,,,,60420
20190807,CXA8551,ZBTJ,ZSSS,60900,68400,63180,68760,B738,35.8,XiamenAirlines,16R,225,B6482,,,,60420
20190807,CXA8175,ZSHC,ZBTJ,53400,61800,54600,60780,B738,35.8,XiamenAirlines,16R,227,B7823,,,,60660
220190807,NEWCSZ8750,ZBTJ,Default,61200,67800,69120,73680,A320,34.1,ShenzhenAirlines,16R,108,NEWB6565,,,0.0,60720
20190807,CSZ8750,ZBTJ,ZSOF,61200,67800,69120,73680,A320,34.1,ShenzhenAirlines,16R,107,B6565,,,,60720
20190807,CCA8356,ZSWZ,ZBTJ,54300,63000,54000,60900,B737,35.8,AirChina,16R,117,B8493,,,,60780
220190807,NEWCCA8356,Default,ZBTJ,54360,63060,54060,60960,B737,35.8,AirChina,16R,201,NEWB8493,,,60.0,60840
20190807,GCR7816,ZSQD,ZBTJ,56700,61500,57600,61020,E190,28.72,TianjinAirlines,16R,211,B3119,,,,60900
220190807,NEWGCR7816,Default,ZBTJ,56760,61560,57660,61080,E190,28.72,TianjinAirlines,16R,214,NEWB3119,,,60.0,60960
20190807,CCA1418,ZUGY,ZBTJ,47700,57900,51780,61140,B738,35.8,AirChina,16R,202,B5849,,,,61020
220190807,NEWGCR7925,ZBTJ,Default,61500,70800,63480,71700,A20N,35.8,TianjinAirlines,16R,211,NEWB8381,,,0.0,61020
20190807,GCR7925,ZBTJ,ZUCK,61500,70800,63480,71700,A20N,35.8,TianjinAirlines,16R,209,B8381,,,,61020
220190807,NEWCCA1418,Default,ZBTJ,47760,57960,51840,61200,B738,35.8,AirChina,16R,203,NEWB5849,,,60.0,61080
220190807,NEWCSC8355,ZBTJ,Default,61800,71700,63660,72840,A321,34.1,SichuanAirlines,16R,113,NEWB6839,,,0.0,61320
20190807,CSC8355,ZBTJ,ZGOW,61800,71700,63660,72840,A321,34.1,SichuanAirlines,16R,110,B6839,,,,61320
20190807,CSH9064,ZBTJ,ZSSS,62100,69300,64080,69600,B737,35.8,ShanghaiAirlines,16R,218,B5722,,,,61620
220190807,NEWGCR7837,ZBTJ,Default,62100,66300,62280,65700,E190,28.72,TianjinAirlines,16R,205,NEWB3108,,,0.0,61620
20190807,GCR7837,ZBTJ,ZBDT,62100,66300,62280,65700,E190,28.72,TianjinAirlines,16R,210,B3108,,,,61620
20190807,EPA6245,ZGCJ,ZBTJ,46800,56100,53460,61740,B738,35.8,DONGHAIAIR,16R,213,B1770,,,,61620
20190807,CSC8568,ZBTJ,ZYHB,62340,69300,62460,68160,A321,34.1,SichuanAirlines,16R,112,B6920,,,,61860
20190807,CCA1771,ZSHC,ZBTJ,55200,63000,56160,62040,A319,34.09,AirChina,16R,201,B6733,,,,61920
220190807,NEWCCA1771,Default,ZBTJ,55260,63060,56220,62100,A319,34.09,AirChina,16R,202,NEWB6733,,,60.0,61980
20190807,TBA9907,ZUCK,ZBTJ,49800,59400,53760,62220,A319,34.09,TIBET,16R,112,B6481,,,,62100
20190807,CXA8028,ZYHB,ZBTJ,54900,62700,56040,62280,B738,35.8,XiamenAirlines,16R,228,B7826,,,,62160
220190807,NEWCXA8028,Default,ZBTJ,54960,62760,56100,62340,B738,35.8,XiamenAirlines,16R,227,NEWB7826,,,60.0,62220
20190807,OKA2991,ZBTJ,ZGHA,62700,71100,69900,77460,B738,35.8,OkayAirways,16R,224,B5843,,,,62220
20190807,CXA8475,ZBTJ,ZUGY,62700,73200,67620,77280,B738,35.8,XiamenAirlines,16R,225,B1913,,,,62220
220190807,NEWTBA9907,Default,ZBTJ,49980,59580,53940,62400,A319,34.09,TIBET,16R,111,NEWB6481,,,180.0,62280
20190807,CSN3693,ZGHA,ZBTJ,48000,56700,55620,62760,A321,34.1,ChinaSouthernAirlines,16R,221,B6252,,,,62640
220190807,NEWCSN3693,Default,ZBTJ,48060,56760,55680,62820,A321,34.1,ChinaSouthernAirlines,16R,220,NEWB6252,,,60.0,62700
220190807,NEWCCA1251,ZBTJ,Default,63300,70500,67200,73080,B738,35.8,AirChina,16R,107,NEWB5793,,,0.0,62820
20190807,GCR7890,ZSAM,ZBTJ,48000,57900,53820,62940,E190,28.72,TianjinAirlines,16R,213,B1030,,,,62820
20190807,CCA1251,ZBTJ,ZLXY,63300,70500,67200,73080,B738,35.8,AirChina,16R,117,B5793,,,,62820
20190807,CES2370,ZBCF,ZBTJ,59400,63900,59700,63060,A20N,35.8,ChinaEasternAirlines,16R,215,B1211,,,,62940
220190807,NEWCES2370,Default,ZBTJ,59460,63960,59760,63120,A20N,35.8,ChinaEasternAirlines,16R,219,NEWB1211,,,60.0,63000
20190807,CCA1259,ZBTJ,ZUGY,63500,72600,65760,75720,B738,35.8,AirChina,16R,108,B5849,,,,63020
220190807,NEWCCA1259,ZBTJ,Default,63500,72600,65760,75720,B738,35.8,AirChina,16R,107,NEWB5849,,,0.0,63020
20190807,CSN3168,ZHHH,ZBTJ,57900,64500,57840,63180,B738,35.8,ChinaSouthernAirlines,16R,222,B1411,,,,63060
220190807,NEWCHH7798,ZBTJ,Default,63600,71100,65100,71640,B738,35.8,HainanAirlines,16R,212,NEWB5798,,,0.0,63120
220190807,NEWGCR7885,ZBTJ,Default,63600,75300,68220,78420,A332,60.3,TianjinAirlines,16R,415,NEWB8659,,,0.0,63120
20190807,CHH7798,ZBTJ,ZSCN,63600,71100,65100,71640,B738,35.8,HainanAirlines,16R,211,B5798,,,,63120
20190807,GCR7885,ZBTJ,ZGSZ,63600,75300,68220,78420,A332,60.3,TianjinAirlines,16R,416,B8659,,,,63120
20190807,CXA8133,ZSAM,ZBTJ,42600,52800,55020,63420,B738,35.8,XiamenAirlines,16R,225,B1913,,,,63300
220190807,NEWGCR7861,ZBTJ,Default,63900,76500,66120,77400,A320,34.1,TianjinAirlines,16R,206,NEWB8776,,,0.0,63420
20190807,CCA8361,ZBTJ,ZGSZ,63900,75900,70920,81120,B738,35.8,AirChina,16R,107,B7182,,,,63420
20190807,GCR7861,ZBTJ,ZPPP,63900,76500,66120,77400,A320,34.1,TianjinAirlines,16R,210,B8776,,,,63420
20190807,CCA1395,ZBTJ,ZGGG,64200,75900,64680,75060,B738,35.8,AirChina,16R,203,B6499,,,,63720
220190807,NEWGCR7867,ZBTJ,Default,64200,70800,66300,71160,E190,28.72,TianjinAirlines,16R,205,NEWB3119,,,0.0,63720
20190807,GCR7867,ZBTJ,ZSYA,64200,70800,66300,71160,E190,28.72,TianjinAirlines,16R,209,B3119,,,,63720
220190807,NEWCCA1395,ZBTJ,Default,64200,75900,64680,75060,B738,35.8,AirChina,16R,109,NEWB6499,,,0.0,63720
20190807,GCR7916,ZBCF,ZBTJ,56100,60600,60960,64140,E190,28.72,TianjinAirlines,16R,213,B3167,,,,64020
20190807,HXA2906,ZLTS,ZBTJ,57600,64500,57720,64440,CRJ9,23.2,Chinaexpressair,16R,602,B3382,,,,64320
220190807,NEWHXA2906,Default,ZBTJ,57660,64560,57780,64500,CRJ9,23.2,Chinaexpressair,16R,601,NEWB3382,,,60.0,64380
20190807,CXA8332,ZHHH,ZBTJ,59700,67200,59280,64860,B738,35.8,XiamenAirlines,16R,225,B6818,,,,64740
20190807,GCR7972,RJCC,ZBTJ,47400,61800,53100,64980,A320,34.1,TianjinAirlines,16R,211,B8062,,,,64860
20190807,GCR7853,ZBTJ,ZSHC,65400,70800,67800,73860,E190,28.72,TianjinAirlines,16R,209,B1030,,,,64920
20190807,CCA1620,ZGSD,ZBTJ,46800,57300,53820,65100,B738,35.8,AirChina,16R,203,B5621,,,,64980
20190807,CSZ8749,ZSOF,ZBTJ,50400,57600,60000,65100,A320,34.1,ShenzhenAirlines,16R,202,B6565,,,,64980
220190807,NEWCSZ8749,Default,ZBTJ,50460,57660,60060,65160,A320,34.1,ShenzhenAirlines,16R,201,NEWB6565,,,60.0,65040
220190807,NEWTBA9908,ZBTJ,Default,66000,76500,70500,79140,A319,34.09,TIBET,16R,111,NEWB6481,,,0.0,65520
220190807,NEWGCR7887,ZBTJ,Default,66000,76500,69300,78000,A332,60.3,TianjinAirlines,16R,212,NEWB302D,,,0.0,65520
20190807,CXA8210,ZLLL,ZBTJ,58500,66600,58800,65640,B738,35.8,XiamenAirlines,16R,227,B5382,,,,65520
20190807,GCR7887,ZBTJ,ZUUU,66000,76500,69300,78000,A332,60.3,TianjinAirlines,16R,414,B302D,,,,65520
20190807,TBA9908,ZBTJ,ZUCK,66000,76500,70500,79140,A319,34.09,TIBET,16R,110,B6481,,,,65520
220190807,NEWCXA8210,Default,ZBTJ,58560,66660,58860,65700,B738,35.8,XiamenAirlines,16R,226,NEWB5382,,,60.0,65580
20190807,OKA2852,ZUUU,ZBTJ,57300,66300,57600,65820,B739,34.3,OkayAirways,16R,223,B1337,,,,65700
20190807,CXA8146,ZBTJ,ZSFZ,66240,75000,75420,83400,B738,35.8,XiamenAirlines,16R,227,B1302,,,,65760
220190807,NEWCXA8146,ZBTJ,Default,66240,75000,75420,83400,B738,35.8,XiamenAirlines,16R,226,NEWB1302,,,0.0,65760
20190807,OKA2992,ZGHA,ZBTJ,50700,59100,59160,66000,B738,35.8,OkayAirways,16R,222,B5843,,,,65880
20190807,CCA802,RKSI,ZBTJ,60000,66300,61320,66120,B738,35.8,AirChina,16R,201,B1526,,,,66000
220190807,NEWCCA1772,ZBTJ,Default,66600,73800,67320,73080,A319,34.09,AirChina,16R,108,NEWB6733,,,0.0,66120
20190807,CCA1772,ZBTJ,ZSHC,66600,73800,67320,73080,A319,34.09,AirChina,16R,109,B6733,,,,66120
20190807,CXA8239,ZBTJ,ZLXY,66600,74100,71640,77940,B738,35.8,XiamenAirlines,16R,227,B7823,,,,66120
20190807,UEA2776,ZBUL,ZBTJ,56700,63600,61500,66300,A320,34.1,ChengduAirlines,16R,112,B8607,,,,66180
220190807,NEWUEA2776,Default,ZBTJ,56760,63660,61560,66360,A320,34.1,ChengduAirlines,16R,113,NEWB8607,,,60.0,66240
20190807,CGZ7121,ZUWX,ZBTJ,57600,66300,59280,66420,E190,28.72,COLORFUL,16R,110,B3225,,,,66300
220190807,NEWCGZ7121,Default,ZBTJ,57660,66360,59340,66480,E190,28.72,COLORFUL,16R,116,NEWB3225,,,60.0,66360
20190807,CQH8990,ZSYA,ZBTJ,60300,66900,61560,66660,A320,34.1,ShanghaiSpringAirlines,16R,115,B6310,,,,66540
20190807,CSN6654,ZGNN,ZBTJ,54900,66600,55740,66840,A320,34.1,ChinaSouthernAirlines,16R,221,B6583,,,,66720
20190807,GCR7991,ZBTJ,RKPC,67200,74400,67440,74100,A320,34.1,TianjinAirlines,16R,211,B1052,,,,66720
20190807,GCR7826,ZYTL,ZBTJ,63600,67800,64140,66900,E190,28.72,TianjinAirlines,16R,213,B3100,,,,66780
20190807,CBG8964,ZHLY,ZBTJ,59400,64800,62280,66960,E190,28.72,SPRAY,16R,114,B3166,,,,66840
20190807,CQH8509,ZSYN,ZBTJ,59100,65700,60000,67200,A320,34.1,ShanghaiSpringAirlines,16R,111,B6667,,,,67080
20190807,GCR7870,ZSDY,ZBTJ,65100,68100,65460,67200,E190,28.72,TianjinAirlines,16R,211,B3247,,,,67080
220190807,NEWCQH8509,Default,ZBTJ,59160,65760,60060,67260,A320,34.1,ShanghaiSpringAirlines,16R,112,NEWB6667,,,60.0,67140
220190807,NEWCXA8028,ZBTJ,Default,68100,78000,72060,80520,B738,35.8,XiamenAirlines,16R,226,NEWB7826,,,0.0,67620
20190807,CCA8139,ZBTJ,ZUUU,68100,79200,71820,81180,B738,35.8,AirChina,16R,109,B5621,,,,67620
20190807,CXA8028,ZBTJ,ZUCK,68100,78000,72060,80520,B738,35.8,XiamenAirlines,16R,225,B7826,,,,67620
20190807,GCR7930,ZLXY,ZBTJ,62100,68700,62760,67980,E190,28.72,TianjinAirlines,16R,213,B6903,,,,67860
220190807,NEWCES2370,ZBTJ,Default,68400,76200,68640,74940,A20N,35.8,ChinaEasternAirlines,16R,219,NEWB1211,,,0.0,67920
20190807,CES2370,ZBTJ,ZSPD,68400,76200,68640,74940,A20N,35.8,ChinaEasternAirlines,16R,218,B1211,,,,67920
20190807,CCA152,ZYTL,ZBTJ,65100,69600,65340,68100,B738,35.8,AirChina,16R,201,B5447,,,,67980
220190807,NEWCCA152,Default,ZBTJ,65160,69660,65400,68160,B738,35.8,AirChina,16R,202,NEWB5447,,,60.0,68040
220190807,NEWCCA8355,ZBTJ,Default,68700,77400,70080,76980,B738,35.8,AirChina,16R,109,NEWB8493,,,0.0,68220
20190807,CSN3167,ZBTJ,ZHHH,68700,75600,72780,78780,B738,35.8,ChinaSouthernAirlines,16R,218,B1411,,,,68220
20190807,CCA8355,ZBTJ,ZSWZ,68700,77400,70080,76980,B738,35.8,AirChina,16R,117,B8493,,,,68220
20190807,RLH5305,ZLLL,ZBTJ,60600,67800,61620,68520,B737,35.8,SENDI,16R,112,B5812,,,,68400
20190807,CBG8854,ZBTJ,ZGCD,69000,77700,72600,79980,E190,28.72,SPRAY,16R,116,B3166,,,,68520
20190807,FZA6742,ZBTJ,ZBOW,69000,75300,73740,78480,B738,35.8,STRAITAIR,16R,208,B1350,,,,68520
20190807,CCA736,RJBB,ZBTJ,57300,68400,60540,68820,B738,35.8,AirChina,16R,203,B7896,,,,68700
20190807,CSZ9123,ZGSZ,ZBTJ,56100,67200,59280,68880,A320,34.1,ShenzhenAirlines,16R,118,B8665,,,,68760
220190807,NEWHXA4323,ZBTJ,Default,69300,76500,70200,76380,A320,34.1,Chinaexpressair,16R,601,NEWB3382,,,0.0,68820
20190807,HXA4323,ZBTJ,ZYQQ,69300,76500,70200,76380,A320,34.1,Chinaexpressair,16R,602,B3382,,,,68820
20190807,GCR7578,ZYCC,ZBTJ,61200,68400,64200,69000,A320,34.1,TianjinAirlines,16R,209,B302X,,,,68880
220190807,NEWGCR7578,Default,ZBTJ,61260,68460,64260,69060,A320,34.1,TianjinAirlines,16R,211,NEWB302X,,,60.0,68940
20190807,CDG4694,ZGSD,ZBTJ,56100,66900,59220,69180,B738,35.8,shandongAirlines,16R,202,B7085,,,,69060
20190807,GCR7891,ZBTJ,ZSAM,69600,79200,76680,85200,A20N,35.8,TianjinAirlines,16R,207,B302C,,,,69120
220190807,NEWCDG4694,Default,ZBTJ,56160,66960,59280,69240,B738,35.8,shandongAirlines,16R,201,NEWB7085,,,60.0,69120
220190807,NEWGCR7891,ZBTJ,Default,69600,79200,76680,85200,A20N,35.8,TianjinAirlines,16R,205,NEWB302C,,,0.0,69120
20190807,FZA6741,ZBOW,ZBTJ,59700,65400,64980,69480,B738,35.8,STRAITAIR,16R,213,B1350,,,,69360
20190807,UEA2776,ZBTJ,ZUUU,69900,78300,72240,81540,A320,34.1,ChengduAirlines,16R,115,B8607,,,,69420
20190807,CCA1677,ZBTJ,ZYHB,69900,76800,70740,76800,B738,35.8,AirChina,16R,108,B1526,,,,69420
20190807,CGZ7122,ZBTJ,ZUWX,69900,78900,73260,81360,E190,28.72,COLORFUL,16R,114,B3225,,,,69420
220190807,NEWUEA2776,ZBTJ,Default,69900,78300,72240,81540,A320,34.1,ChengduAirlines,16R,110,NEWB8607,,,0.0,69420
220190807,NEWCGZ7122,ZBTJ,Default,69900,78900,73260,81360,E190,28.72,COLORFUL,16R,111,NEWB3225,,,0.0,69420
20190807,GCR7896,ZGGG,ZBTJ,56100,66900,60540,69660,A332,60.3,TianjinAirlines,16R,212,B8596,,,,69540
20190807,CSN6654,ZBTJ,ZYCC,70200,76800,71040,76200,A320,34.1,ChinaSouthernAirlines,16R,218,B6583,,,,69720
220190807,NEWCXA8210,ZBTJ,Default,70200,74700,70620,73380,B738,35.8,XiamenAirlines,16R,225,NEWB5382,,,0.0,69720
20190807,CQH8913,ZBTJ,RKPC,70200,77400,71520,77460,A320,34.1,ShanghaiSpringAirlines,16R,113,B6310,,,,69720
20190807,GCR7805,ZBTJ,ZSNB,70200,77400,71220,77820,A320,34.1,TianjinAirlines,16R,210,B8062,,,,69720
20190807,CXA8210,ZBTJ,ZYTL,70200,74700,70620,73380,B738,35.8,XiamenAirlines,16R,226,B5382,,,,69720
20190807,CXA8146,ZBLA,ZBTJ,53400,62100,62760,69900,B738,35.8,XiamenAirlines,16R,230,B1302,,,,69780
220190807,NEWCXA8146,Default,ZBTJ,53460,62160,62820,69960,B738,35.8,XiamenAirlines,16R,228,NEWB1302,,,60.0,69840
20190807,CBJ5195,ZJSY,ZBTJ,55800,70800,56400,70140,A320,34.1,BeijingCapitalAirlines,16R,209,B9961,,,,70020
220190807,NEWCBJ5195,Default,ZBTJ,55860,70860,56460,70200,A320,34.1,BeijingCapitalAirlines,16R,211,NEWB9961,,,60.0,70080
20190807,CHB6237,ZUCK,ZBTJ,62100,70800,62760,70320,A20N,35.8,Westair,16R,206,B1629,,,,70200
220190807,NEWCHB6237,Default,ZBTJ,62160,70860,62820,70380,A20N,35.8,Westair,16R,214,NEWB1629,,,60.0,70260
20190807,CSZ9124,ZBTJ,ZGSZ,70800,82500,75300,85320,A320,34.1,ShenzhenAirlines,16R,108,B8665,,,,70320
20190807,CCA1672,ZGSZ,ZBTJ,57600,68700,60780,70500,B738,35.8,AirChina,16R,202,B5442,,,,70380
220190807,NEWCCA1672,Default,ZBTJ,57660,68760,60840,70560,B738,35.8,AirChina,16R,201,NEWB5442,,,60.0,70440
20190807,GCR7980,RJBB,ZBTJ,61200,72000,62340,70680,A320,34.1,TianjinAirlines,16R,212,B300T,,,,70560
20190807,CCA8127,ZBTJ,ZBHH,71100,77700,72540,76320,B738,35.8,AirChina,16R,107,B7893,,,,70620
220190807,NEWCCA8127,ZBTJ,Default,71100,77700,72540,76320,B738,35.8,AirChina,16R,108,NEWB7893,,,0.0,70620
220190807,NEWGCR7980,Default,ZBTJ,61260,72060,62400,70740,A320,34.1,TianjinAirlines,16R,213,NEWB300T,,,60.0,70620
20190807,QDA6098,VYMD,ZBTJ,57600,72300,57300,70920,A320,34.1,SKYLEGEND,16R,112,B303V,,,,70800
20190807,CES5440,ZBTJ,ZSSS,71400,78900,79860,85500,B738,35.8,ChinaEasternAirlines,16R,217,B6145,,,,70920
220190807,NEWCES5440,ZBTJ,Default,71400,78900,79860,85500,B738,35.8,ChinaEasternAirlines,16R,218,NEWB6145,,,0.0,70920
20190807,OKA2998,ZSJH,ZBTJ,64500,71700,65460,71340,B738,35.8,OkayAirways,16R,223,B5578,,,,71220
20190807,CSN3135,ZGGG,ZBTJ,57900,68100,61440,71340,E190,28.72,ChinaSouthernAirlines,16R,221,B3139,,,,71220
220190807,NEWOKA2998,Default,ZBTJ,64560,71760,65520,71400,B738,35.8,OkayAirways,16R,222,NEWB5578,,,60.0,71280
20190807,CQH8510,ZBTJ,ZSYN,71800,77400,71940,76200,A320,34.1,ShanghaiSpringAirlines,16R,114,B6667,,,,71320
220190807,NEWCQH8510,ZBTJ,Default,71800,77400,71940,76200,A320,34.1,ShanghaiSpringAirlines,16R,111,NEWB6667,,,0.0,71320
220190807,NEWCSN3135,Default,ZBTJ,58020,68220,61560,71460,E190,28.72,ChinaSouthernAirlines,16R,220,NEWB3139,,,120.0,71340
20190807,GCR7844,ZHCC,ZBTJ,64500,70500,67140,71520,E190,28.72,TianjinAirlines,16R,215,B3171,,,,71400
20190807,RLH5306,ZBTJ,ZLLL,72000,80400,73080,80460,B737,35.8,SENDI,16R,113,B5812,,,,71520
20190807,GCR7830,ZBHH,ZBTJ,59400,65100,67740,71700,E190,28.72,TianjinAirlines,16R,211,B3169,,,,71580
20190807,GCR7905,ZBTJ,ZUCK,72300,81600,75600,83820,A332,60.3,TianjinAirlines,16R,212,B8596,,,,71820
20190807,GCR7582,ZBXH,ZBTJ,68100,72600,67980,72000,E190,28.72,TianjinAirlines,16R,207,B3123,,,,71880
220190807,NEWGCR7582,Default,ZBTJ,68160,72660,68040,72060,E190,28.72,TianjinAirlines,16R,213,NEWB3123,,,60.0,71940
20190807,GCR7838,ZBDT,ZBTJ,68700,72600,68820,72120,E190,28.72,TianjinAirlines,16R,214,B3108,,,,72000
20190807,GCR7820,ZGHA,ZBTJ,58200,66000,65220,72240,A20N,35.8,TianjinAirlines,16R,206,B302C,,,,72120
220190807,NEWGCR7820,Default,ZBTJ,58260,66060,65280,72300,A20N,35.8,TianjinAirlines,16R,212,NEWB302C,,,60.0,72180
20190807,CES5144,ZYHB,ZBTJ,65700,73200,65940,72480,A20N,35.8,ChinaEasternAirlines,16R,216,B303E,,,,72360
20190807,CCA8129,ZBTJ,ZLIC,72900,80700,74040,80520,B738,35.8,AirChina,16R,107,B7896,,,,72420
20190807,JOY1602,ZBSJ,ZBTJ,69600,74100,69420,72540,MA60,29.2,Joyair,16R,501,B3723,,,,72420
20190807,CCA1655,ZBTJ,ZSPD,72900,80100,75840,81900,B738,35.8,AirChina,16R,109,B5442,,,,72420
220190807,NEWCCA1655,ZBTJ,Default,72900,80100,75840,81900,B738,35.8,AirChina,16R,107,NEWB5442,,,0.0,72420
20190807,CSN3136,ZBTJ,ZGGG,72940,83700,75000,84720,E190,28.72,ChinaSouthernAirlines,16R,218,B3139,,,,72460
220190807,NEWCSN3136,ZBTJ,Default,72940,83700,75300,84720,E190,28.72,ChinaSouthernAirlines,16R,220,NEWB3139,,,0.0,72460
220190807,NEWCES5144,Default,ZBTJ,65820,73320,66060,72600,A20N,35.8,ChinaEasternAirlines,16R,219,NEWB303E,,,120.0,72480
20190807,TBA9878,ZYCC,ZBTJ,67500,74400,67320,72660,A320,34.1,TIBET,16R,112,B8842,,,,72540
220190807,NEWTBA9878,Default,ZBTJ,67560,74460,67380,72720,A320,34.1,TIBET,16R,110,NEWB8842,,,60.0,72600
20190807,CHH7202,ZGGG,ZBTJ,61800,73500,62820,72840,B738,35.8,HainanAirlines,16R,215,B5137,,,,72720
220190807,NEWCHH7202,Default,ZBTJ,61860,73560,62880,72900,B738,35.8,HainanAirlines,16R,211,NEWB5137,,,60.0,72780
20190807,LKE9684,ZLLL,ZBTJ,64200,72900,64680,73000,B738,35.8,LUCKYAIR,16R,213,B5732,,,,72880
20190807,OKA3000,ZGSZ,ZBTJ,62400,73800,63240,73020,B739,34.3,OkayAirways,16R,222,B1739,,,,72900
220190807,NEWLKE9684,Default,ZBTJ,64280,72980,64760,73080,B738,35.8,LUCKYAIR,16R,214,NEWB5732,,,80.0,72960
20190807,OKA3026,RJBB,ZBTJ,64800,73200,64500,73140,B738,35.8,OkayAirways,16R,224,B1521,,,,73020
220190807,NEWOKA3026,Default,ZBTJ,64860,73260,64560,73200,B738,35.8,OkayAirways,16R,223,NEWB1521,,,60.0,73080
20190807,GCR7578,ZBTJ,ZWWW,73600,600,73440,86700,A320,34.1,TianjinAirlines,16R,210,B302X,,,,73120
220190807,NEWGCR7578,ZBTJ,Default,73600,600,73440,86700,A320,34.1,TianjinAirlines,16R,209,NEWB302X,,,0.0,73120
20190807,GCR7818,ZSFY,ZBTJ,64200,69900,68700,73320,A20N,35.8,TianjinAirlines,16R,206,B302A,,,,73200
20190807,CXA8194,ZBTJ,ZGHA,73800,83400,74400,81420,B738,35.8,XiamenAirlines,16R,225,B6818,,,,73320
20190807,CCA749,ZBTJ,VTBS,73800,6300,73920,0,B738,35.8,AirChina,16R,108,B5447,,,,73320
220190807,NEWCCA749,ZBTJ,Default,73800,6300,73920,0,B738,35.8,AirChina,16R,117,NEWB5447,,,0.0,73320
20190807,CCA1524,ZSSS,ZBTJ,65100,73500,67920,73800,B738,35.8,AirChina,16R,117,B7890,,,,73680
220190807,NEWCHB6238,ZBTJ,Default,74400,84300,74880,83220,A20N,35.8,Westair,16R,210,NEWB1629,,,0.0,73920
20190807,CHB6238,ZBTJ,ZUCK,74400,84300,74880,83220,A20N,35.8,Westair,16R,209,B1629,,,,73920
20190807,CCA8364,ZUMT,ZBTJ,66000,75900,65700,74100,B738,35.8,AirChina,16R,201,B5227,,,,73980
20190807,OKA2788,ZBTJ,ZGGG,74700,86100,79080,88440,B739,34.3,OkayAirways,16R,224,B1337,,,,74220
20190807,CCA8358,ZLXN,ZBTJ,63000,71100,67440,74400,B738,35.8,AirChina,16R,202,B5696,,,,74280
20190807,CDG8054,ZBLA,ZBTJ,67200,76500,67380,74400,B738,35.8,shandongAirlines,16R,203,B7976,,,,74280
20190807,CSC8861,ZUUU,ZBTJ,66000,75000,66720,74580,A319,34.09,SichuanAirlines,16R,110,B2298,,,,74460
20190807,CDG2262,ZBTJ,ZYHB,75000,80700,73620,79500,B738,35.8,shandongAirlines,16R,203,B7085,,,,74520
220190807,NEWCDG2262,ZBTJ,Default,75000,80700,73620,79500,B738,35.8,shandongAirlines,16R,109,NEWB7085,,,0.0,74520
220190807,NEWCSC8861,Default,ZBTJ,66060,75060,66780,74640,A319,34.09,SichuanAirlines,16R,111,NEWB2298,,,60.0,74520
20190807,CSC8045,ZPPP,ZBTJ,64500,75900,64500,74760,A321,34.1,SichuanAirlines,16R,112,B305U,,,,74640
20190807,CCA1468,ZPPP,ZBTJ,65100,77100,65400,75660,B738,35.8,AirChina,16R,201,B5572,,,,75540
20190807,GCR7582,ZBTJ,ZLXY,76200,84000,76440,82560,E190,28.72,TianjinAirlines,16R,209,B3123,,,,75720
20190807,NCT880,VTBD,ZBTJ,58800,76500,60240,75840,B772,60.9,NokScoot,16R,105,HSXBE,,,,75720
220190807,NEWGCR7582,ZBTJ,Default,76200,84000,76440,82560,E190,28.72,TianjinAirlines,16R,211,NEWB3123,,,0.0,75720
20190807,CES5439,ZSSS,ZBTJ,57600,66000,69780,76020,B738,35.8,ChinaEasternAirlines,16R,215,B6145,,,,75900
220190807,NEWCES5439,Default,ZBTJ,57660,66060,69840,76080,B738,35.8,ChinaEasternAirlines,16R,219,NEWB6145,,,60.0,75960
220190807,NEWCBJ5196,ZBTJ,Default,76500,3900,76800,89220,A320,34.1,BeijingCapitalAirlines,16R,208,NEWB9961,,,0.0,76020
20190807,CBJ5196,ZBTJ,ZJSY,76500,3900,76800,89220,A320,34.1,BeijingCapitalAirlines,16R,210,B9961,,,,76020
220190807,NEWGCR7865,ZBTJ,Default,76800,3600,77700,89100,A320,34.1,TianjinAirlines,16R,211,NEWB300T,,,0.0,76320
20190807,GCR7865,ZBTJ,ZJHK,76800,3600,77700,89100,A320,34.1,TianjinAirlines,16R,209,B300T,,,,76320
20190807,CCA1482,ZGKL,ZBTJ,67500,77100,67980,76620,B738,35.8,AirChina,16R,201,B5681,,,,76500
20190807,CES5144,ZBTJ,ZSSS,77100,84600,77940,83640,A20N,35.8,ChinaEasternAirlines,16R,217,B303E,,,,76620
20190807,LKE9632,ZBTJ,ZUMY,77100,300,77160,84720,B738,35.8,LUCKYAIR,16R,212,B5732,,,,76620
220190807,NEWLKE9632,ZBTJ,Default,77100,300,77160,84720,B738,35.8,LUCKYAIR,16R,206,NEWB5732,,,0.0,76620
220190807,NEWCES5144,ZBTJ,Default,77100,84600,77940,83640,A20N,35.8,ChinaEasternAirlines,16R,218,NEWB303E,,,0.0,76620
20190807,CXA8164,ZBTJ,ZSAM,77400,1200,83760,91800,B738,35.8,XiamenAirlines,16R,226,B6482,,,,76920
20190807,OKA2898,ZPPP,ZBTJ,66000,77700,66660,77160,B738,35.8,OkayAirways,16R,222,B7373,,,,77040
20190807,CCA1442,ZBYN,ZBTJ,75000,79800,74340,77280,B738,35.8,AirChina,16R,202,B1762,,,,77160
220190807,NEWCHH7201,ZBTJ,Default,77700,2400,80040,89460,B738,35.8,HainanAirlines,16R,210,NEWB5137,,,0.0,77220
20190807,CHH7201,ZBTJ,ZGGG,77700,2400,80040,89460,B738,35.8,HainanAirlines,16R,209,B5137,,,,77220
20190807,TBA9878,ZBTJ,ZUUU,78000,2100,78660,87360,A320,34.1,TIBET,16R,112,B8842,,,,77520
220190807,NEWTBA9878,ZBTJ,Default,78000,2100,78660,87360,A320,34.1,TIBET,16R,111,NEWB8842,,,0.0,77520
20190807,QDA6016,ZBTJ,ZYCC,78300,84900,78240,83400,A320,34.1,SKYLEGEND,16R,110,B303V,,,,77820
20190807,CCA1674,ZSHC,ZBTJ,69000,76800,72720,78420,B737,35.8,AirChina,16R,202,B5585,,,,78300
20190807,FZA6601,ZSZS,ZBTJ,69600,77400,72360,78540,B738,35.8,STRAITAIR,16R,211,B7113,,,,78420
220190807,NEWFZA6601,Default,ZBTJ,69660,77460,72420,78600,B738,35.8,STRAITAIR,16R,213,NEWB7113,,,60.0,78480
20190807,CBG8853,ZGCD,ZBTJ,70200,78600,71340,78720,E190,28.72,SPRAY,16R,112,B3157,,,,78600
220190807,NEWCSC8862,ZBTJ,Default,79200,4500,80880,89460,A319,34.09,SichuanAirlines,16R,111,NEWB2298,,,0.0,78720
20190807,CCA8126,ZGHZ,ZBTJ,69000,80700,69420,78840,B737,35.8,AirChina,16R,203,B5213,,,,78720
20190807,CSC8862,ZBTJ,ZUUU,79200,4500,80880,89460,A319,34.09,SichuanAirlines,16R,113,B2298,,,,78720
20190807,CCA1634,ZHSY,ZBTJ,72300,79200,73260,79140,B738,35.8,AirChina,16R,201,B7595,,,,79020
220190807,NEWOKA2989,ZBTJ,Default,79500,7200,79260,0,B739,34.3,OkayAirways,16R,223,NEWB1521,,,0.0,79020
20190807,CSC8046,ZBTJ,ZPPP,79500,6000,83700,93660,A321,34.1,SichuanAirlines,16R,110,B305U,,,,79020
20190807,OKA2989,ZBTJ,RJTT,79500,7200,79260,0,B739,34.3,OkayAirways,16R,225,B1521,,,,79020
20190807,CXA8222,ZLIC,ZBTJ,68400,75900,73620,79320,B738,35.8,XiamenAirlines,16R,226,B5151,,,,79200
220190807,NEWCXA8222,Default,ZBTJ,68460,75960,73680,79380,B738,35.8,XiamenAirlines,16R,227,NEWB5151,,,60.0,79260
20190807,CUA2218,ZSSS,ZBTJ,70200,78000,72900,79440,B738,35.8,LIANHANG,16R,110,B1471,,,,79320
20190807,CCA1320,ZGSZ,ZBTJ,69000,80100,69480,79620,B738,35.8,AirChina,16R,202,B5495,,,,79500
20190807,OKA2884,ZBTJ,ZLXY,80100,1200,85560,91920,B738,35.8,OkayAirways,16R,223,B5578,,,,79620
20190807,CSN3979,ZGHA,ZBTJ,69900,78000,72540,79740,A320,34.1,ChinaSouthernAirlines,16R,221,B6251,,,,79620
220190807,NEWOKA2884,ZBTJ,Default,80100,1200,85560,91920,B738,35.8,OkayAirways,16R,222,NEWB5578,,,0.0,79620
220190807,NEWCSN3979,Default,ZBTJ,69960,78060,72600,79800,A320,34.1,ChinaSouthernAirlines,16R,220,NEWB6251,,,60.0,79680
20190807,CXA8552,ZSSS,ZBTJ,72600,81000,73500,79860,B738,35.8,XiamenAirlines,16R,225,B6482,,,,79740
20190807,CDG8054,ZBTJ,ZSAM,80400,4500,80340,89400,B738,35.8,shandongAirlines,16R,107,B7976,,,,79920
20190807,NCT879,ZBTJ,VTBD,80400,11100,81540,0,B772,60.9,NokScoot,16R,101,HSXBE,,,,79920
20190807,HXA4337,ZUZY,ZBTJ,69900,79800,70800,80100,A320,34.1,Chinaexpressair,16R,601,B303P,,,,79980
20190807,CCA1388,ZGGG,ZBTJ,69000,80700,70680,80220,B738,35.8,AirChina,16R,201,B1528,,,,80100
20190807,CCA1528,ZSSS,ZBTJ,70800,78900,74400,80340,B738,35.8,AirChina,16R,203,B1418,,,,80220
20190807,OKA3084,ZGKL,ZBTJ,72300,83100,71700,80520,B739,34.3,OkayAirways,16R,223,B1267,,,,80400
20190807,FZA6588,ZBTJ,ZLXY,81000,2100,84120,90240,B738,35.8,STRAITAIR,16R,209,B7113,,,,80520
220190807,NEWFZA6588,ZBTJ,Default,81000,2100,84120,90240,B738,35.8,STRAITAIR,16R,210,NEWB7113,,,0.0,80520
20190807,CSC8676,ZSSH,ZBTJ,73500,78600,76200,80700,A321,34.1,SichuanAirlines,16R,110,B9937,,,,80580
20190807,OKA2932,ZGHA,ZBTJ,72900,82200,73500,80880,B739,34.3,OkayAirways,16R,222,B1581,,,,80760
20190807,CSN6893,ZWWW,ZBTJ,66900,80700,68700,81120,B738,35.8,ChinaSouthernAirlines,16R,220,B7969,,,,81000
20190807,CXA8356,ZSFZ,ZBTJ,63900,73500,72900,81420,B738,35.8,XiamenAirlines,16R,228,B7559,,,,81300
220190807,NEWCSN3980,ZBTJ,Default,81900,4200,85080,92100,A320,34.1,ChinaSouthernAirlines,16R,218,NEWB6251,,,0.0,81420
20190807,CCA8122,ZWWW,ZBTJ,67800,81300,69060,81540,B738,35.8,AirChina,16R,202,B5508,,,,81420
20190807,CSN3980,ZBTJ,ZGHA,81900,4200,85080,92100,A320,34.1,ChinaSouthernAirlines,16R,217,B6251,,,,81420
20190807,LNI2749,WAMM,ZBTJ,60000,81600,60420,81600,B739,34.3,PTLionMentariAirlines,16R,104,PKLPH,,,,81480
20190807,CXA8176,ZBTJ,ZSHC,82000,86100,83100,88440,B738,35.8,XiamenAirlines,16R,227,B5151,,,,81520
220190807,NEWCXA8176,ZBTJ,Default,82000,86100,83100,88440,B738,35.8,XiamenAirlines,16R,225,NEWB5151,,,0.0,81520
220190807,NEWLNI2749,Default,ZBTJ,60060,81660,60480,81660,B739,34.3,PTLionMentariAirlines,16R,103,NEWPKLPH,,,60.0,81540
20190807,CSC8128,ZGDY,ZBTJ,71100,79800,74280,81720,A321,34.1,SichuanAirlines,16R,112,B1677,,,,81600
20190807,OKA2752,ZSHC,ZBTJ,74100,81300,75180,81900,B738,35.8,OkayAirways,16R,223,B5575,,,,81780
20190807,XAX318,WMKK,ZBTJ,57000,79800,61020,82020,A333,60.3,AirAsiaX,16R,105,9MXBB,194.0,7.0,,81900
20190807,OKA3086,ZSNB,ZBTJ,75000,83400,75000,82200,B738,35.8,OkayAirways,16R,224,B1962,,,,82080
20190807,CCA1252,ZLXY,ZBTJ,74400,81000,76860,82320,B738,35.8,AirChina,16R,201,B5793,,,,82200
20190807,OKA2964,ZJSY,ZBTJ,63300,77700,68940,82620,B738,35.8,OkayAirways,16R,222,B5571,,,,82500
20190807,HXA4903,ZBTJ,VYMD,83100,11100,84720,11940,A320,34.1,Chinaexpressair,16R,601,B303P,,,,82620
20190807,CHH7726,ZYHB,ZBTJ,59400,67500,76500,82800,B738,35.8,HainanAirlines,16R,211,B5375,,,,82680
20190807,GCR7840,ZWWW,ZBTJ,68400,81900,70620,83040,A320,34.1,TianjinAirlines,16R,213,B8505,,,,82920
20190807,GCR7926,ZUCK,ZBTJ,75300,84300,75780,83220,A20N,35.8,TianjinAirlines,16R,206,B8381,,,,83100
20190807,GCR7854,ZSHC,ZBTJ,75300,83100,77940,83700,E190,28.72,TianjinAirlines,16R,214,B1030,,,,83580
220190807,NEWGCR7854,Default,ZBTJ,75360,83160,78000,83760,E190,28.72,TianjinAirlines,16R,212,NEWB1030,,,60.0,83640
20190807,GCR7992,RKPC,ZBTJ,78000,85800,78120,83820,A320,34.1,TianjinAirlines,16R,211,B1052,,,,83700
20190807,CXA8380,ZGSZ,ZBTJ,74100,85200,74700,84300,B738,35.8,XiamenAirlines,16R,225,B5306,,,,84180
20190807,CRK362,VHHH,ZBTJ,75300,85800,75060,84720,A332,60.3,HongKongAirlines,16R,105,BLNU,,,,84600
20190807,CSC8356,ZGOW,ZBTJ,74400,83700,76380,84960,A321,34.1,SichuanAirlines,16R,110,B6839,,,,84840
20190807,LNI2748,ZBTJ,WAMM,85500,22500,86040,106560,B739,34.3,PTLionMentariAirlines,16R,101,PKLPH,,,,85020
220190807,NEWLNI2748,ZBTJ,Default,85500,22500,86040,106560,B739,34.3,PTLionMentariAirlines,16R,102,NEWPKLPH,,,0.0,85020
20190807,CSS6972,ZBTJ,ZSHC,85500,6300,86280,92100,B752,38.05,SHUNFENG,16R,876,B7082,,,,85020
20190807,GCR7872,ZJSY,ZBTJ,71100,84600,72120,85560,A321,34.1,TianjinAirlines,16R,213,B8597,,,,85440
20190807,CCA1390,ZJSY,ZBTJ,72000,86100,73200,85920,B738,35.8,AirChina,16R,201,B5518,,,,85800
20190807,HXA4324,ZYQQ,ZBTJ,78900,86100,79320,86040,CRJ9,23.2,Chinaexpressair,16R,601,B3382,,,,85920
20190807,CCA1402,ZPPP,ZBTJ,73200,84900,75900,86280,B738,35.8,AirChina,16R,203,B1219,,,,86160
220190807,NEWCCA1402,Default,ZBTJ,73260,84960,75960,86340,B738,35.8,AirChina,16R,202,NEWB1219,,,60.0,86220
